componentId,componentType,currentStatus,lastCompletedProcess,nextProcess,processStatus,percentComplete,totalCycleTime,completedAt,designUrl,workstation,teamLead,dateshipped,datedelivered,componentsqft,projectId
W-1.44,Exterior Wall,DELIVERED,,Ship,Complete,100,,,,,,5/1/25 00:00,5/1/25 00:00,133,TEK-028-CHAROUHIS
W-50A,Exterior Wall,DELIVERED,,Ship,Complete,100,,,,,,5/7/25 00:00,5/7/25 00:00,75,TEK-015-ASPENGLENSD-2
W-1.13,Interior Wall ,DELIVERED,,Ship,Complete,100,,,,,,4/25/25 00:00,4/25/25 00:00,22,TEK-028-CHAROUHIS
W-34,Interior Wall ,DELIVERED,,Ship,Complete,100,,,,,,2/12/25 00:00,2/12/25 00:00,60,TEK-018-ASPENGLENSD-5
W-87,Interior Wall ,DELIVERED,,Ship,Complete,100,,,,,,5/7/25 00:00,5/7/25 00:00,108,TEK-015-ASPENGLENSD-2
W-0.44,Interior Wall ,DELIVERED,,Ship,Complete,100,,,,,,3/19/25 00:00,3/19/25 00:00,90,TEK-028-CHAROUHIS
W-1.46,Interior Wall ,DELIVERED,,Ship,Complete,100,,,,,,5/1/25 00:00,5/1/25 00:00,88,TEK-028-CHAROUHIS
F-16,Floor Panel,DELIVERED,,Ship,Complete,100,,,,,,10/28/24 00:00,10/28/24 00:00,222,TEK-019-ASPENGLENSD-6
W-1.52,Interior Wall ,DELIVERED,,Ship,Complete,100,,,,,,5/1/25 00:00,5/1/25 00:00,36,TEK-028-CHAROUHIS
F-5,Floor Panel,DELIVERED,,Ship,Complete,100,,,,,,8/8/24 00:00,8/8/24 00:00,276,TEK-004-BURGHER325HLND
W-45,Exterior Wall,DELIVERED,,Ship,Complete,100,,,,,,8/28/24 00:00,8/28/24 00:00,155,TEK-004-BURGHER325HLND
F-13,Floor Panel,DELIVERED,,Ship,Complete,100,,,,,,5/5/25 00:00,5/5/25 00:00,40,TEK-015-ASPENGLENSD-2
W-0:40,Interior Wall ,DELIVERED,,Ship,Complete,100,,,,,,3/19/25 00:00,3/19/25 00:00,33,TEK-028-CHAROUHIS
F-29,Floor Panel,DELIVERED,,Ship,Complete,100,,,,,,5/29/25 00:00,5/29/25 00:00,160,TEK-028-CHAROUHIS
W-23,Interior Wall ,DELIVERED,,Ship,Complete,100,,,,,,2/12/25 00:00,2/12/25 00:00,30,TEK-018-ASPENGLENSD-5
F-15,Floor Panel,DELIVERED,,Ship,Complete,100,,,,,,8/8/24 00:00,8/8/24 00:00,122,TEK-004-BURGHER325HLND
F-4,Floor Panel,DELIVERED,,Ship,Complete,100,,,,,,8/8/24 00:00,8/8/24 00:00,253,TEK-004-BURGHER325HLND
F-31,Floor Panel,DELIVERED,,Ship,Complete,100,,,,,,5/29/25 00:00,5/29/25 00:00,258,TEK-028-CHAROUHIS
W-60,Interior Wall ,DELIVERED,,Ship,Complete,100,,,,,,11/4/24 00:00,11/4/24 00:00,35,TEK-019-ASPENGLENSD-6
F-7,Floor Panel,DELIVERED,,Ship,Complete,100,,,,,,5/5/25 00:00,5/5/25 00:00,187,TEK-015-ASPENGLENSD-2
W-45,Interior Wall ,DELIVERED,,Ship,Complete,100,,,,,,5/7/25 00:00,5/7/25 00:00,18,TEK-015-ASPENGLENSD-2
W-58,Exterior Wall,DELIVERED,,Ship,Complete,100,,,,,,2/12/25 00:00,2/12/25 00:00,180,TEK-018-ASPENGLENSD-5
F-26,Floor Panel,DELIVERED,,Ship,Complete,100,,,,,,5/29/25 00:00,5/29/25 00:00,158,TEK-028-CHAROUHIS
F-6,Floor Panel,DELIVERED,,Ship,Complete,100,,,,,,8/8/24 00:00,8/8/24 00:00,110,TEK-004-BURGHER325HLND
W-1.60,Interior Wall ,DELIVERED,,Ship,Complete,100,,,,,,5/1/25 00:00,5/1/25 00:00,35,TEK-028-CHAROUHIS
F-23,Floor Panel,DELIVERED,,Ship,Complete,100,,,,,,8/8/24 00:00,8/8/24 00:00,29,TEK-004-BURGHER325HLND
W-43A,Exterior Wall,DELIVERED,,Ship,Complete,100,,,,,,8/28/24 00:00,8/28/24 00:00,57,TEK-004-BURGHER325HLND
W-87,Interior Wall ,DELIVERED,,Ship,Complete,100,,,,,,11/4/24 00:00,11/4/24 00:00,145,TEK-019-ASPENGLENSD-6
W-24,Exterior Wall,DELIVERED,,Ship,Complete,100,,,,,,5/6/25 00:00,5/6/25 00:00,165,TEK-015-ASPENGLENSD-2
W-1.95,Interior Wall ,DELIVERED,,Ship,Complete,100,,,,,,5/14/25 00:00,5/14/25 00:00,21,TEK-028-CHAROUHIS
W-1.114,Interior Wall ,DELIVERED,,Ship,Complete,100,,,,,,5/14/25 00:00,5/14/25 00:00,12,TEK-028-CHAROUHIS
W-69B,Exterior Wall,DELIVERED,,Ship,Complete,100,,,,,,9/4/24 00:00,9/4/24 00:00,186,TEK-004-BURGHER325HLND
W-57,Exterior Wall,DELIVERED,,Ship,Complete,100,,,,,,5/7/25 00:00,5/7/25 00:00,216,TEK-015-ASPENGLENSD-2
W-39,Interior Wall ,DELIVERED,,Ship,Complete,100,,,,,,5/6/25 00:00,5/6/25 00:00,10,TEK-015-ASPENGLENSD-2
W-0.28,Interior Wall ,DELIVERED,,Ship,Complete,100,,,,,,3/19/25 00:00,3/19/25 00:00,25,TEK-028-CHAROUHIS
W-0;6,Interior Wall ,DELIVERED,,Ship,Complete,100,,,,,,3/19/25 00:00,3/19/25 00:00,50,TEK-028-CHAROUHIS
F-11A,Floor Panel,DELIVERED,,Ship,Complete,100,,,,,,10/28/24 00:00,10/28/24 00:00,126,TEK-019-ASPENGLENSD-6
F-1,Floor Panel,DELIVERED,,Ship,Complete,100,,,,,,5/5/25 00:00,5/5/25 00:00,299,TEK-015-ASPENGLENSD-2
W 75A,Interior Wall ,DELIVERED,,Ship,Complete,100,,,,,,5/7/25 00:00,5/7/25 00:00,36,TEK-015-ASPENGLENSD-2
W-0.37,Interior Wall ,DELIVERED,,Ship,Complete,100,,,,,,3/19/25 00:00,3/19/25 00:00,70,TEK-028-CHAROUHIS
W-33o,Interior Wall ,DELIVERED,,Ship,Complete,100,,,,,,2/12/25 00:00,2/12/25 00:00,35,TEK-018-ASPENGLENSD-5
W-44,Exterior Wall,DELIVERED,,Ship,Complete,100,,,,,,11/4/24 00:00,11/4/24 00:00,200,TEK-019-ASPENGLENSD-6
W-1.94,Interior Wall ,DELIVERED,,Ship,Complete,100,,,,,,5/14/25 00:00,5/14/25 00:00,71,TEK-028-CHAROUHIS
W-1.110,Interior Wall ,DELIVERED,,Ship,Complete,100,,,,,,5/14/25 00:00,5/14/25 00:00,93,TEK-028-CHAROUHIS
F-3,Floor Panel,DELIVERED,,Ship,Complete,100,,,,,,2/5/25 00:00,2/5/25 00:00,21,TEK-018-ASPENGLENSD-5
W-3,Exterior Wall,DELIVERED,,Ship,Complete,100,,,,,,5/6/25 00:00,5/6/25 00:00,90,TEK-015-ASPENGLENSD-2
F-1B,Floor Panel,DELIVERED,,Ship,Complete,100,,,,,,5/5/25 00:00,5/5/25 00:00,39,TEK-015-ASPENGLENSD-2
W-1.45,Exterior Wall,DELIVERED,,Ship,Complete,100,,,,,,5/1/25 00:00,5/1/25 00:00,55,TEK-028-CHAROUHIS
W-2.14,Exterior Wall,PENDING,,Cut,Pending,0,,,,,,,,93,TEK-028-CHAROUHIS
W-61,Interior Wall ,DELIVERED,,Ship,Complete,100,,,,,,11/4/24 00:00,11/4/24 00:00,24,TEK-019-ASPENGLENSD-6
W-41,Exterior Wall,DELIVERED,,Ship,Complete,100,,,,,,8/28/24 00:00,8/28/24 00:00,63,TEK-004-BURGHER325HLND
W-66,Exterior Wall,DELIVERED,,Ship,Complete,100,,,,,,2/12/25 00:00,2/12/25 00:00,110,TEK-018-ASPENGLENSD-5
W-74A,Interior Wall ,DELIVERED,,Ship,Complete,100,,,,,,5/7/25 00:00,5/7/25 00:00,198,TEK-015-ASPENGLENSD-2
F-18,Floor Panel,DELIVERED,,Ship,Complete,100,,,,,,10/28/24 00:00,10/28/24 00:00,65,TEK-019-ASPENGLENSD-6
W-2.4,Interior Wall ,PENDING,,Cut,Pending,0,,,,,,,,13,TEK-028-CHAROUHIS
W-83,Exterior Wall,DELIVERED,,Ship,Complete,100,,,,,,5/7/25 00:00,5/7/25 00:00,117,TEK-015-ASPENGLENSD-2
W-1.69,Interior Wall ,DELIVERED,,Ship,Complete,100,,,,,,5/14/25 00:00,5/14/25 00:00,146,TEK-028-CHAROUHIS
W-0.19a,Interior Wall ,DELIVERED,,Ship,Complete,100,,,,,,3/19/25 00:00,3/19/25 00:00,90,TEK-028-CHAROUHIS
W-2.25,Exterior Wall,PENDING,,Cut,Pending,0,,,,,,,,19,TEK-028-CHAROUHIS
W-24A,Interior Wall ,DELIVERED,,Ship,Complete,100,,,,,,11/5/24 00:00,11/5/24 00:00,104,TEK-019-ASPENGLENSD-6
W-61,Interior Wall ,DELIVERED,,Ship,Complete,100,,,,,,2/12/25 00:00,2/12/25 00:00,60,TEK-018-ASPENGLENSD-5
W-9,Exterior Wall,DELIVERED,,Ship,Complete,100,,,,,,5/6/25 00:00,5/6/25 00:00,180,TEK-015-ASPENGLENSD-2
W-49,Exterior Wall,DELIVERED,,Ship,Complete,100,,,,,,5/7/25 00:00,5/7/25 00:00,65,TEK-015-ASPENGLENSD-2
W-31,Exterior Wall,DELIVERED,,Ship,Complete,100,,,,,,11/4/24 00:00,11/4/24 00:00,154,TEK-019-ASPENGLENSD-6
F-18,Floor Panel,DELIVERED,,Ship,Complete,100,,,,,,8/8/24 00:00,8/8/24 00:00,312,TEK-004-BURGHER325HLND
W-25A,Interior Wall ,DELIVERED,,Ship,Complete,100,,,,,,11/5/24 00:00,11/5/24 00:00,85,TEK-019-ASPENGLENSD-6
W-43a,Interior Wall ,DELIVERED,,Ship,Complete,100,,,,,,2/12/25 00:00,2/12/25 00:00,30,TEK-018-ASPENGLENSD-5
F-2,Floor Panel,DELIVERED,,Ship,Complete,100,,,,,,5/5/25 00:00,5/5/25 00:00,276,TEK-015-ASPENGLENSD-2
F-16,Floor Panel,DELIVERED,,Ship,Complete,100,,,,,,2/5/25 00:00,2/5/25 00:00,141,TEK-018-ASPENGLENSD-5
F-16A,Floor Panel,PENDING,,Ship,Complete,100,,,,,,,,141,TEK-018-ASPENGLENSD-5
W-4,Exterior Wall,DELIVERED,,Ship,Complete,100,,,,,,2/12/25 00:00,2/12/25 00:00,20,TEK-018-ASPENGLENSD-5
W-20,Interior Wall ,DELIVERED,,Ship,Complete,100,,,,,,2/12/25 00:00,2/12/25 00:00,105,TEK-018-ASPENGLENSD-5
F-2,Floor Panel,DELIVERED,,Ship,Complete,100,,,,,,10/31/24 00:00,10/31/24 00:00,228,TEK-019-ASPENGLENSD-6
W-16,Interior Wall ,DELIVERED,,Ship,Complete,100,,,,,,11/5/24 00:00,11/5/24 00:00,38,TEK-019-ASPENGLENSD-6
W-24,Interior Wall ,DELIVERED,,Ship,Complete,100,,,,,,9/12/24 00:00,9/12/24 00:00,21,TEK-004-BURGHER325HLND
W-57,Exterior Wall,DELIVERED,,Ship,Complete,100,,,,,,11/5/24 00:00,11/5/24 00:00,25,TEK-019-ASPENGLENSD-6
W-82,Exterior Wall,DELIVERED,,Ship,Complete,100,,,,,,5/7/25 00:00,5/7/25 00:00,408,TEK-015-ASPENGLENSD-2
W-43,Exterior Wall,DELIVERED,,Ship,Complete,100,,,,,,5/6/25 00:00,5/6/25 00:00,45,TEK-015-ASPENGLENSD-2
W-19,Exterior Wall,DELIVERED,,Ship,Complete,100,,,,,,2/12/25 00:00,2/12/25 00:00,210,TEK-018-ASPENGLENSD-5
W-0.34,Interior Wall ,DELIVERED,,Ship,Complete,100,,,,,,3/19/25 00:00,3/19/25 00:00,222,TEK-028-CHAROUHIS
W-1.50,Interior Wall ,DELIVERED,,Ship,Complete,100,,,,,,5/1/25 00:00,5/1/25 00:00,36,TEK-028-CHAROUHIS
W-4,Exterior Wall,DELIVERED,,Ship,Complete,100,,,,,,11/4/24 00:00,11/4/24 00:00,225,TEK-019-ASPENGLENSD-6
W-76,Interior Wall ,DELIVERED,,Ship,Complete,100,,,,,,11/4/24 00:00,11/4/24 00:00,125,TEK-019-ASPENGLENSD-6
W-56,Exterior Wall,DELIVERED,,Ship,Complete,100,,,,,,5/7/25 00:00,5/7/25 00:00,133,TEK-015-ASPENGLENSD-2
W-7,Exterior Wall,DELIVERED,,Ship,Complete,100,,,,,,9/4/24 00:00,9/4/24 00:00,270,TEK-004-BURGHER325HLND
W-1.90,Interior Wall ,DELIVERED,,Ship,Complete,100,,,,,,5/14/25 00:00,5/14/25 00:00,79,TEK-028-CHAROUHIS
W-59,Interior Wall ,DELIVERED,,Ship,Complete,100,,,,,,11/4/24 00:00,11/4/24 00:00,25,TEK-019-ASPENGLENSD-6
W-1.31,Interior Wall ,DELIVERED,,Ship,Complete,100,,,,,,5/1/25 00:00,5/1/25 00:00,112,TEK-028-CHAROUHIS
F-9,Floor Panel,DELIVERED,,Ship,Complete,100,,,,,,10/28/24 00:00,10/28/24 00:00,112,TEK-019-ASPENGLENSD-6
W-1.72,Interior Wall ,DELIVERED,,Ship,Complete,100,,,,,,5/14/25 00:00,5/14/25 00:00,109,TEK-028-CHAROUHIS
W-55,Exterior Wall,DELIVERED,,Ship,Complete,100,,,,,,11/4/24 00:00,11/4/24 00:00,45,TEK-019-ASPENGLENSD-6
W-89,Exterior Wall,DELIVERED,,Ship,Complete,100,,,,,,5/7/25 00:00,5/7/25 00:00,90,TEK-015-ASPENGLENSD-2
W-64,Interior Wall ,DELIVERED,,Ship,Complete,100,,,,,,11/4/24 00:00,11/4/24 00:00,42,TEK-019-ASPENGLENSD-6
W-73,Interior Wall ,DELIVERED,,Ship,Complete,100,,,,,,11/4/24 00:00,11/4/24 00:00,35,TEK-019-ASPENGLENSD-6
W-73,Exterior Wall,DELIVERED,,Ship,Complete,100,,,,,,9/4/24 00:00,9/4/24 00:00,50,TEK-004-BURGHER325HLND
F-8,Floor Panel,DELIVERED,,Ship,Complete,100,,,,,,5/5/25 00:00,5/5/25 00:00,228,TEK-015-ASPENGLENSD-2
W-1.80,Exterior Wall,DELIVERED,,Ship,Complete,100,,,,,,5/14/25 00:00,5/14/25 00:00,99,TEK-028-CHAROUHIS
W-2.24,Exterior Wall,PENDING,,Cut,Pending,0,,,,,,,,246,TEK-028-CHAROUHIS
W-1.8,Exterior Wall,DELIVERED,,Ship,Complete,100,,,,,,4/25/25 00:00,4/25/25 00:00,166,TEK-028-CHAROUHIS
F-24A,Floor Panel,DELIVERED,,Ship,Complete,100,,,,,,5/29/25 00:00,5/29/25 00:00,90,TEK-028-CHAROUHIS
W-37A,Exterior Wall,DELIVERED,,Ship,Complete,100,,,,,,11/4/24 00:00,11/4/24 00:00,72,TEK-019-ASPENGLENSD-6
W-14,Interior Wall ,DELIVERED,,Ship,Complete,100,,,,,,5/6/25 00:00,5/6/25 00:00,63,TEK-015-ASPENGLENSD-2
F-27,Floor Panel,DELIVERED,,Ship,Complete,100,,,,,,5/29/25 00:00,5/29/25 00:00,190,TEK-028-CHAROUHIS
W-1.115,Interior Wall ,DELIVERED,,Ship,Complete,100,,,,,,5/14/25 00:00,5/14/25 00:00,12,TEK-028-CHAROUHIS
W-1.64,Exterior Wall,DELIVERED,,Ship,Complete,100,,,,,,5/1/25 00:00,5/1/25 00:00,137,TEK-028-CHAROUHIS
W-63,Interior Wall ,DELIVERED,,Ship,Complete,100,,,,,,11/4/24 00:00,11/4/24 00:00,18,TEK-019-ASPENGLENSD-6
W-88,Interior Wall ,DELIVERED,,Ship,Complete,100,,,,,,5/7/25 00:00,5/7/25 00:00,192,TEK-015-ASPENGLENSD-2
W-29,Interior Wall ,DELIVERED,,Ship,Complete,100,,,,,,5/6/25 00:00,5/6/25 00:00,27,TEK-015-ASPENGLENSD-2
F-23,Floor Panel,DELIVERED,,Ship,Complete,100,,,,,,5/29/25 00:00,5/29/25 00:00,141,TEK-028-CHAROUHIS
W-33m,Interior Wall ,DELIVERED,,Ship,Complete,100,,,,,,2/12/25 00:00,2/12/25 00:00,30,TEK-018-ASPENGLENSD-5
F-19,Floor Panel,DELIVERED,,Ship,Complete,100,,,,,,3/28/25 00:00,3/28/25 00:00,204,TEK-028-CHAROUHIS
W-0.12,Interior Wall ,DELIVERED,,Ship,Complete,100,,,,,,3/19/25 00:00,3/19/25 00:00,6,TEK-028-CHAROUHIS
W-1.36,Exterior Wall,DELIVERED,,Ship,Complete,100,,,,,,5/1/25 00:00,5/1/25 00:00,193,TEK-028-CHAROUHIS
F-4,Floor Panel,DELIVERED,,Ship,Complete,100,,,,,,3/28/25 00:00,3/28/25 00:00,97,TEK-028-CHAROUHIS
W-81,Exterior Wall,DELIVERED,,Ship,Complete,100,,,,,,5/7/25 00:00,5/7/25 00:00,37,TEK-015-ASPENGLENSD-2
W-20,Interior Wall ,DELIVERED,,Ship,Complete,100,,,,,,5/6/25 00:00,5/6/25 00:00,81,TEK-015-ASPENGLENSD-2
W-5,Interior Wall ,DELIVERED,,Ship,Complete,100,,,,,,9/4/24 00:00,9/4/24 00:00,117,TEK-004-BURGHER325HLND
W-30A,Exterior Wall,DELIVERED,,Ship,Complete,100,,,,,,11/5/24 00:00,11/5/24 00:00,242,TEK-019-ASPENGLENSD-6
W-66,Interior Wall ,DELIVERED,,Ship,Complete,100,,,,,,11/4/24 00:00,11/4/24 00:00,14,TEK-019-ASPENGLENSD-6
W-2.19,Interior Wall ,PENDING,,Cut,Pending,0,,,,,,,,19,TEK-028-CHAROUHIS
W-30,Interior Wall ,DELIVERED,,Ship,Complete,100,,,,,,2/12/25 00:00,2/12/25 00:00,10,TEK-018-ASPENGLENSD-5
W-1.9,Exterior Wall,DELIVERED,,Ship,Complete,100,,,,,,4/25/25 00:00,4/25/25 00:00,101,TEK-028-CHAROUHIS
W-33g,Interior Wall ,DELIVERED,,Ship,Complete,100,,,,,,2/12/25 00:00,2/12/25 00:00,30,TEK-018-ASPENGLENSD-5
F-13,Floor Panel,DELIVERED,,Ship,Complete,100,,,,,,10/28/24 00:00,10/28/24 00:00,152,TEK-019-ASPENGLENSD-6
W-47,Exterior Wall,DELIVERED,,Ship,Complete,100,,,,,,5/7/25 00:00,5/7/25 00:00,27,TEK-015-ASPENGLENSD-2
W-26,Interior Wall ,DELIVERED,,Ship,Complete,100,,,,,,9/12/24 00:00,9/12/24 00:00,32,TEK-004-BURGHER325HLND
W-23,Interior Wall ,DELIVERED,,Ship,Complete,100,,,,,,9/12/24 00:00,9/12/24 00:00,126,TEK-004-BURGHER325HLND
W-1.4,Exterior Wall,DELIVERED,,Ship,Complete,100,,,,,,4/25/25 00:00,4/25/25 00:00,91,TEK-028-CHAROUHIS
W-15,Exterior Wall,DELIVERED,,Ship,Complete,100,,,,,,5/7/25 00:00,5/7/25 00:00,117,TEK-015-ASPENGLENSD-2
W-69,Interior Wall ,DELIVERED,,Ship,Complete,100,,,,,,5/7/25 00:00,5/7/25 00:00,216,TEK-015-ASPENGLENSD-2
W-31,Interior Wall ,DELIVERED,,Ship,Complete,100,,,,,,5/6/25 00:00,5/6/25 00:00,126,TEK-015-ASPENGLENSD-2
F-2,Floor Panel,DELIVERED,,Ship,Complete,100,,,,,,8/8/24 00:00,8/8/24 00:00,160,TEK-004-BURGHER325HLND
W-52,Exterior Wall,DELIVERED,,Ship,Complete,100,,,,,,11/4/24 00:00,11/4/24 00:00,234,TEK-019-ASPENGLENSD-6
W-0.55,Interior Wall ,DELIVERED,,Ship,Complete,100,,,,,,3/19/25 00:00,3/19/25 00:00,30,TEK-028-CHAROUHIS
W-69AB,Interior Wall ,DELIVERED,,Ship,Complete,100,,,,,,5/7/25 00:00,5/7/25 00:00,243,TEK-015-ASPENGLENSD-2
W-36,Interior Wall ,DELIVERED,,Ship,Complete,100,,,,,,5/6/25 00:00,5/6/25 00:00,70,TEK-015-ASPENGLENSD-2
W-33ei,Interior Wall ,DELIVERED,,Ship,Complete,100,,,,,,2/12/25 00:00,2/12/25 00:00,20,TEK-018-ASPENGLENSD-5
F-12,Floor Panel,DELIVERED,,Ship,Complete,100,,,,,,10/28/24 00:00,10/28/24 00:00,222,TEK-019-ASPENGLENSD-6
W-29,Interior Wall ,DELIVERED,,Ship,Complete,100,,,,,,11/5/24 00:00,11/5/24 00:00,55,TEK-019-ASPENGLENSD-6
F-3,Floor Panel,DELIVERED,,Ship,Complete,100,,,,,,8/8/24 00:00,8/8/24 00:00,225,TEK-004-BURGHER325HLND
W-1.100,Interior Wall ,DELIVERED,,Ship,Complete,100,,,,,,5/14/25 00:00,5/14/25 00:00,136,TEK-028-CHAROUHIS
W-5,Interior Wall ,DELIVERED,,Ship,Complete,100,,,,,,11/4/24 00:00,11/4/24 00:00,18,TEK-019-ASPENGLENSD-6
F-35,Floor Panel,DELIVERED,,Ship,Complete,100,,,,,,5/29/25 00:00,5/29/25 00:00,57,TEK-028-CHAROUHIS
F-25,Floor Panel,DELIVERED,,Ship,Complete,100,,,,,,5/29/25 00:00,5/29/25 00:00,131,TEK-028-CHAROUHIS
W-1,Exterior Wall,DELIVERED,,Ship,Complete,100,,,,,,2/12/25 00:00,2/12/25 00:00,170,TEK-018-ASPENGLENSD-5
W-11,Exterior Wall,DELIVERED,,Ship,Complete,100,,,,,,11/5/24 00:00,11/5/24 00:00,162,TEK-019-ASPENGLENSD-6
W-49,Interior Wall ,DELIVERED,,Ship,Complete,100,,,,,,11/4/24 00:00,11/4/24 00:00,139,TEK-019-ASPENGLENSD-6
W-0.49,Interior Wall ,DELIVERED,,Ship,Complete,100,,,,,,3/19/25 00:00,3/19/25 00:00,16,TEK-028-CHAROUHIS
W-2.26,Interior Wall ,PENDING,,Cut,Pending,0,,,,,,,,51,TEK-028-CHAROUHIS
W-52,Interior Wall ,DELIVERED,,Ship,Complete,100,,,,,,8/28/24 00:00,8/28/24 00:00,238,TEK-004-BURGHER325HLND
W-54,Exterior Wall,DELIVERED,,Ship,Complete,100,,,,,,2/12/25 00:00,2/12/25 00:00,100,TEK-018-ASPENGLENSD-5
W-37,Exterior Wall,DELIVERED,,Ship,Complete,100,,,,,,11/4/24 00:00,11/4/24 00:00,237,TEK-019-ASPENGLENSD-6
W-63,Exterior Wall,DELIVERED,,Ship,Complete,100,,,,,,8/28/24 00:00,8/28/24 00:00,143,TEK-004-BURGHER325HLND
W-1.54B,Exterior Wall,DELIVERED,,Ship,Complete,100,,,,,,5/1/25 00:00,5/1/25 00:00,18,TEK-028-CHAROUHIS
W-0.26,Interior Wall ,DELIVERED,,Ship,Complete,100,,,,,,3/19/25 00:00,3/19/25 00:00,5,TEK-028-CHAROUHIS
W-1.25,Exterior Wall,DELIVERED,,Ship,Complete,100,,,,,,4/25/25 00:00,4/25/25 00:00,60,TEK-028-CHAROUHIS
W-1.118,Interior Wall ,DELIVERED,,Ship,Complete,100,,,,,,5/14/25 00:00,5/14/25 00:00,54,TEK-028-CHAROUHIS
F-17,Floor Panel,DELIVERED,,Ship,Complete,100,,,,,,8/8/24 00:00,8/8/24 00:00,80,TEK-004-BURGHER325HLND
W-45,Exterior Wall,DELIVERED,,Ship,Complete,100,,,,,,2/12/25 00:00,2/12/25 00:00,190,TEK-018-ASPENGLENSD-5
W-0.7,Interior Wall ,DELIVERED,,Ship,Complete,100,,,,,,3/19/25 00:00,3/19/25 00:00,70,TEK-028-CHAROUHIS
F-21,Floor Panel,DELIVERED,,Ship,Complete,100,,,,,,3/28/25 00:00,3/28/25 00:00,32,TEK-028-CHAROUHIS
F-12,Floor Panel,DELIVERED,,Ship,Complete,100,,,,,,3/28/25 00:00,3/28/25 00:00,127,TEK-028-CHAROUHIS
W-2.13,Interior Wall ,PENDING,,Cut,Pending,0,,,,,,,,36,TEK-028-CHAROUHIS
W-2,Exterior Wall,DELIVERED,,Ship,Complete,100,,,,,,9/4/24 00:00,9/4/24 00:00,369,TEK-004-BURGHER325HLND
W-78A,Interior Wall ,DELIVERED,,Ship,Complete,100,,,,,,11/4/24 00:00,11/4/24 00:00,35,TEK-019-ASPENGLENSD-6
W-1.7,Exterior Wall,DELIVERED,,Ship,Complete,100,,,,,,4/25/25 00:00,4/25/25 00:00,212,TEK-028-CHAROUHIS
W-2.20A,Exterior Wall,PENDING,,Cut,Pending,0,,,,,,,,30,TEK-028-CHAROUHIS
W-68,Interior Wall ,DELIVERED,,Ship,Complete,100,,,,,,5/7/25 00:00,5/7/25 00:00,72,TEK-015-ASPENGLENSD-2
W-74,Interior Wall ,DELIVERED,,Ship,Complete,100,,,,,,11/4/24 00:00,11/4/24 00:00,50,TEK-019-ASPENGLENSD-6
W-22,Exterior Wall,DELIVERED,,Ship,Complete,100,,,,,,2/12/25 00:00,2/12/25 00:00,80,TEK-018-ASPENGLENSD-5
W-0.59,Interior Wall ,DELIVERED,,Ship,Complete,100,,,,,,3/19/25 00:00,3/19/25 00:00,65,TEK-028-CHAROUHIS
W-1.68,Interior Wall ,DELIVERED,,Ship,Complete,100,,,,,,5/14/25 00:00,5/14/25 00:00,44,TEK-028-CHAROUHIS
W-43,Exterior Wall,DELIVERED,,Ship,Complete,100,,,,,,8/28/24 00:00,8/28/24 00:00,27,TEK-004-BURGHER325HLND
W-40,Exterior Wall,DELIVERED,,Ship,Complete,100,,,,,,11/4/24 00:00,11/4/24 00:00,30,TEK-019-ASPENGLENSD-6
W-26,Exterior Wall,DELIVERED,,Ship,Complete,100,,,,,,5/6/25 00:00,5/6/25 00:00,66,TEK-015-ASPENGLENSD-2
W-1.63,Exterior Wall,DELIVERED,,Ship,Complete,100,,,,,,5/1/25 00:00,5/1/25 00:00,88,TEK-028-CHAROUHIS
F-32,Floor Panel,DELIVERED,,Ship,Complete,100,,,,,,5/29/25 00:00,5/29/25 00:00,362,TEK-028-CHAROUHIS
W-62,Interior Wall ,DELIVERED,,Ship,Complete,100,,,,,,2/12/25 00:00,2/12/25 00:00,120,TEK-018-ASPENGLENSD-5
W-40,Interior Wall ,DELIVERED,,Ship,Complete,100,,,,,,5/6/25 00:00,5/6/25 00:00,18,TEK-015-ASPENGLENSD-2
W-86,Interior Wall ,DELIVERED,,Ship,Complete,100,,,,,,5/7/25 00:00,5/7/25 00:00,13,TEK-015-ASPENGLENSD-2
W-24,Exterior Wall,DELIVERED,,Ship,Complete,100,,,,,,11/5/24 00:00,11/5/24 00:00,20,TEK-019-ASPENGLENSD-6
W-2.1,Exterior Wall,PENDING,,Cut,Pending,0,,,,,,,,44,TEK-028-CHAROUHIS
W-38,Interior Wall ,DELIVERED,,Ship,Complete,100,,,,,,2/12/25 00:00,2/12/25 00:00,190,TEK-018-ASPENGLENSD-5
W-15,Interior Wall ,DELIVERED,,Ship,Complete,100,,,,,,9/12/24 00:00,9/12/24 00:00,190,TEK-004-BURGHER325HLND
F-11,Floor Panel,DELIVERED,,Ship,Complete,100,,,,,,8/8/24 00:00,8/8/24 00:00,360,TEK-004-BURGHER325HLND
W-84,Interior Wall ,DELIVERED,,Ship,Complete,100,,,,,,9/4/24 00:00,9/4/24 00:00,120,TEK-004-BURGHER325HLND
W-58,Interior Wall ,DELIVERED,,Ship,Complete,100,,,,,,8/28/24 00:00,8/28/24 00:00,29,TEK-004-BURGHER325HLND
W-71,Interior Wall ,DELIVERED,,Ship,Complete,100,,,,,,11/4/24 00:00,11/4/24 00:00,30,TEK-019-ASPENGLENSD-6
W-81,Interior Wall ,DELIVERED,,Ship,Complete,100,,,,,,9/4/24 00:00,9/4/24 00:00,64,TEK-004-BURGHER325HLND
W-48,Exterior Wall,DELIVERED,,Ship,Complete,100,,,,,,2/12/25 00:00,2/12/25 00:00,140,TEK-018-ASPENGLENSD-5
W-0.20,Interior Wall ,DELIVERED,,Ship,Complete,100,,,,,,3/19/25 00:00,3/19/25 00:00,70,TEK-028-CHAROUHIS
F-5,Floor Panel,DELIVERED,,Ship,Complete,100,,,,,,3/28/25 00:00,3/28/25 00:00,155,TEK-028-CHAROUHIS
W-90,Interior Wall ,DELIVERED,,Ship,Complete,100,,,,,,9/4/24 00:00,9/4/24 00:00,16,TEK-004-BURGHER325HLND
W-12,Exterior Wall,DELIVERED,,Ship,Complete,100,,,,,,9/12/24 00:00,9/12/24 00:00,200,TEK-004-BURGHER325HLND
W-0:47,Interior Wall ,DELIVERED,,Ship,Complete,100,,,,,,3/19/25 00:00,3/19/25 00:00,132,TEK-028-CHAROUHIS
W-1.43,Exterior Wall,DELIVERED,,Ship,Complete,100,,,,,,5/1/25 00:00,5/1/25 00:00,96,TEK-028-CHAROUHIS
W-0.43,Interior Wall ,DELIVERED,,Ship,Complete,100,,,,,,3/19/25 00:00,3/19/25 00:00,60,TEK-028-CHAROUHIS
W-47,Interior Wall ,DELIVERED,,Ship,Complete,100,,,,,,2/12/25 00:00,2/12/25 00:00,70,TEK-018-ASPENGLENSD-5
W-39,Exterior Wall,DELIVERED,,Ship,Complete,100,,,,,,2/12/25 00:00,2/12/25 00:00,240,TEK-018-ASPENGLENSD-5
W-1.108,Interior Wall ,DELIVERED,,Ship,Complete,100,,,,,,5/14/25 00:00,5/14/25 00:00,96,TEK-028-CHAROUHIS
W-0.45,Interior Wall ,DELIVERED,,Ship,Complete,100,,,,,,3/19/25 00:00,3/19/25 00:00,77,TEK-028-CHAROUHIS
W-1.97,Interior Wall ,DELIVERED,,Ship,Complete,100,,,,,,5/14/25 00:00,5/14/25 00:00,49,TEK-028-CHAROUHIS
W-27,Interior Wall ,DELIVERED,,Ship,Complete,100,,,,,,5/7/25 00:00,5/7/25 00:00,99,TEK-015-ASPENGLENSD-2
W-16D,Interior Wall ,DELIVERED,,Ship,Complete,100,,,,,,5/6/25 00:00,5/6/25 00:00,48,TEK-015-ASPENGLENSD-2
W-0.3,Interior Wall ,DELIVERED,,Ship,Complete,100,,,,,,3/19/25 00:00,3/19/25 00:00,65,TEK-028-CHAROUHIS
W- 0.48,Interior Wall ,DELIVERED,,Ship,Complete,100,,,,,,3/19/25 00:00,3/19/25 00:00,132,TEK-028-CHAROUHIS
F-21,Floor Panel,DELIVERED,,Ship,Complete,100,,,,,,8/8/24 00:00,8/8/24 00:00,29,TEK-004-BURGHER325HLND
W-16B,Interior Wall ,DELIVERED,,Ship,Complete,100,,,,,,5/6/25 00:00,5/6/25 00:00,72,TEK-015-ASPENGLENSD-2
W-0.15A,Interior Wall ,DELIVERED,,Ship,Complete,100,,,,,,3/19/25 00:00,3/19/25 00:00,25,TEK-028-CHAROUHIS
W-19A,Exterior Wall,DELIVERED,,Ship,Complete,100,,,,,,9/12/24 00:00,9/12/24 00:00,111,TEK-004-BURGHER325HLND
W-3,Interior Wall ,DELIVERED,,Ship,Complete,100,,,,,,11/5/24 00:00,11/5/24 00:00,18,TEK-019-ASPENGLENSD-6
F-4,Floor Panel,DELIVERED,,Ship,Complete,100,,,,,,2/5/25 00:00,2/5/25 00:00,102,TEK-018-ASPENGLENSD-5
W-0.18,Interior Wall ,DELIVERED,,Ship,Complete,100,,,,,,3/19/25 00:00,3/19/25 00:00,20,TEK-028-CHAROUHIS
W-78B,Interior Wall ,DELIVERED,,Ship,Complete,100,,,,,,11/4/24 00:00,11/4/24 00:00,70,TEK-019-ASPENGLENSD-6
W-38,Interior Wall ,DELIVERED,,Ship,Complete,100,,,,,,9/12/24 00:00,9/12/24 00:00,60,TEK-004-BURGHER325HLND
W-2.10,Exterior Wall,PENDING,,Cut,Pending,0,,,,,,,,31,TEK-028-CHAROUHIS
W-74B,Interior Wall ,DELIVERED,,Ship,Complete,100,,,,,,5/7/25 00:00,5/7/25 00:00,198,TEK-015-ASPENGLENSD-2
W-1.49,Interior Wall ,DELIVERED,,Ship,Complete,100,,,,,,5/1/25 00:00,5/1/25 00:00,22,TEK-028-CHAROUHIS
W-30B,Exterior Wall,DELIVERED,,Ship,Complete,100,,,,,,11/5/24 00:00,11/5/24 00:00,137,TEK-019-ASPENGLENSD-6
W-76,Interior Wall ,DELIVERED,,Ship,Complete,100,,,,,,2/12/25 00:00,2/12/25 00:00,140,TEK-018-ASPENGLENSD-5
W-1.89,Interior Wall ,DELIVERED,,Ship,Complete,100,,,,,,5/14/25 00:00,5/14/25 00:00,19,TEK-028-CHAROUHIS
F-13,Floor Panel,DELIVERED,,Ship,Complete,100,,,,,,8/8/24 00:00,8/8/24 00:00,122,TEK-004-BURGHER325HLND
W-2.21,Interior Wall ,PENDING,,Cut,Pending,0,,,,,,,,66,TEK-028-CHAROUHIS
W-1.76B,Exterior Wall,DELIVERED,,Ship,Complete,100,,,,,,5/14/25 00:00,5/14/25 00:00,20,TEK-028-CHAROUHIS
W-8B,Exterior Wall,DELIVERED,,Ship,Complete,100,,,,,,5/6/25 00:00,5/6/25 00:00,45,TEK-015-ASPENGLENSD-2
W-37,Interior Wall ,DELIVERED,,Ship,Complete,100,,,,,,9/12/24 00:00,9/12/24 00:00,125,TEK-004-BURGHER325HLND
W-10,Exterior Wall,DELIVERED,,Ship,Complete,100,,,,,,9/12/24 00:00,9/12/24 00:00,247,TEK-004-BURGHER325HLND
W-41A,Exterior Wall,DELIVERED,,Ship,Complete,100,,,,,,11/4/24 00:00,11/4/24 00:00,155,TEK-019-ASPENGLENSD-6
W-50c,Exterior Wall,DELIVERED,,Ship,Complete,100,,,,,,5/7/25 00:00,5/7/25 00:00,60,TEK-015-ASPENGLENSD-2
W-75,Interior Wall ,DELIVERED,,Ship,Complete,100,,,,,,11/4/24 00:00,11/4/24 00:00,50,TEK-019-ASPENGLENSD-6
W-43b,Interior Wall ,DELIVERED,,Ship,Complete,100,,,,,,2/12/25 00:00,2/12/25 00:00,20,TEK-018-ASPENGLENSD-5
F-7,Floor Panel,DELIVERED,,Ship,Complete,100,,,,,,3/28/25 00:00,3/28/25 00:00,145,TEK-028-CHAROUHIS
W-0.53,Interior Wall ,DELIVERED,,Ship,Complete,100,,,,,,3/19/25 00:00,3/19/25 00:00,121,TEK-028-CHAROUHIS
W-43c,Interior Wall ,DELIVERED,,Ship,Complete,100,,,,,,2/12/25 00:00,2/12/25 00:00,22,TEK-018-ASPENGLENSD-5
W-71A,Exterior Wall,DELIVERED,,Ship,Complete,100,,,,,,9/4/24 00:00,9/4/24 00:00,54,TEK-004-BURGHER325HLND
W-0.51,Interior Wall ,DELIVERED,,Ship,Complete,100,,,,,,3/19/25 00:00,3/19/25 00:00,30,TEK-028-CHAROUHIS
W-0.23,Interior Wall ,DELIVERED,,Ship,Complete,100,,,,,,3/19/25 00:00,3/19/25 00:00,32,TEK-028-CHAROUHIS
W-5a,Exterior Wall,DELIVERED,,Ship,Complete,100,,,,,,2/12/25 00:00,2/12/25 00:00,225,TEK-018-ASPENGLENSD-5
W-64,Exterior Wall,DELIVERED,,Ship,Complete,100,,,,,,8/28/24 00:00,8/28/24 00:00,23,TEK-004-BURGHER325HLND
W-84,Exterior Wall,DELIVERED,,Ship,Complete,100,,,,,,5/7/25 00:00,5/7/25 00:00,84,TEK-015-ASPENGLENSD-2
W-1.62,Interior Wall ,DELIVERED,,Ship,Complete,100,,,,,,5/1/25 00:00,5/1/25 00:00,137,TEK-028-CHAROUHIS
W-58,Exterior Wall,DELIVERED,,Ship,Complete,100,,,,,,11/5/24 00:00,11/5/24 00:00,155,TEK-019-ASPENGLENSD-6
W-50,Interior Wall ,DELIVERED,,Ship,Complete,100,,,,,,5/6/25 00:00,5/6/25 00:00,18,TEK-015-ASPENGLENSD-2
W-8,Exterior Wall,DELIVERED,,Ship,Complete,100,,,,,,11/4/24 00:00,11/4/24 00:00,225,TEK-019-ASPENGLENSD-6
W-1.116,Interior Wall ,DELIVERED,,Ship,Complete,100,,,,,,5/14/25 00:00,5/14/25 00:00,121,TEK-028-CHAROUHIS
W-8,Exterior Wall,DELIVERED,,Ship,Complete,100,,,,,,9/4/24 00:00,9/4/24 00:00,41,TEK-004-BURGHER325HLND
W-52,Interior Wall ,DELIVERED,,Ship,Complete,100,,,,,,2/12/25 00:00,2/12/25 00:00,140,TEK-018-ASPENGLENSD-5
W-47,Exterior Wall,DELIVERED,,Ship,Complete,100,,,,,,11/4/24 00:00,11/4/24 00:00,55,TEK-019-ASPENGLENSD-6
F-12,Floor Panel,DELIVERED,,Ship,Complete,100,,,,,,5/5/25 00:00,5/5/25 00:00,264,TEK-015-ASPENGLENSD-2
W-0.52,Interior Wall ,DELIVERED,,Ship,Complete,100,,,,,,3/19/25 00:00,3/19/25 00:00,80,TEK-028-CHAROUHIS
W-19D,Exterior Wall,DELIVERED,,Ship,Complete,100,,,,,,5/7/25 00:00,5/7/25 00:00,72,TEK-015-ASPENGLENSD-2
W-63,Interior Wall ,DELIVERED,,Ship,Complete,100,,,,,,5/7/25 00:00,5/7/25 00:00,70,TEK-015-ASPENGLENSD-2
W-28,Interior Wall ,DELIVERED,,Ship,Complete,100,,,,,,11/5/24 00:00,11/5/24 00:00,60,TEK-019-ASPENGLENSD-6
W-65A,Interior Wall ,DELIVERED,,Ship,Complete,100,,,,,,5/7/25 00:00,5/7/25 00:00,72,TEK-015-ASPENGLENSD-2
W-0.33,Interior Wall ,DELIVERED,,Ship,Complete,100,,,,,,3/19/25 00:00,3/19/25 00:00,88,TEK-028-CHAROUHIS
W-2.18,Interior Wall ,PENDING,,Cut,Pending,0,,,,,,,,137,TEK-028-CHAROUHIS
W-66C,Exterior Wall,DELIVERED,,Ship,Complete,100,,,,,,9/4/24 00:00,9/4/24 00:00,46,TEK-004-BURGHER325HLND
W-79,Interior Wall ,DELIVERED,,Ship,Complete,100,,,,,,11/4/24 00:00,11/4/24 00:00,162,TEK-019-ASPENGLENSD-6
W-9,Exterior Wall,DELIVERED,,Ship,Complete,100,,,,,,2/12/25 00:00,2/12/25 00:00,90,TEK-018-ASPENGLENSD-5
W-78,Interior Wall ,DELIVERED,,Ship,Complete,100,,,,,,9/4/24 00:00,9/4/24 00:00,172,TEK-004-BURGHER325HLND
W-1.88,Interior Wall ,DELIVERED,,Ship,Complete,100,,,,,,5/14/25 00:00,5/14/25 00:00,23,TEK-028-CHAROUHIS
W-1.106,Interior Wall ,DELIVERED,,Ship,Complete,100,,,,,,5/14/25 00:00,5/14/25 00:00,21,TEK-028-CHAROUHIS
W-13,Interior Wall ,DELIVERED,,Ship,Complete,100,,,,,,11/5/24 00:00,11/5/24 00:00,14,TEK-019-ASPENGLENSD-6
W-1.93,Interior Wall ,DELIVERED,,Ship,Complete,100,,,,,,5/14/25 00:00,5/14/25 00:00,44,TEK-028-CHAROUHIS
W-41,Interior Wall ,DELIVERED,,Ship,Complete,100,,,,,,5/6/25 00:00,5/6/25 00:00,9,TEK-015-ASPENGLENSD-2
W-76,Interior Wall ,DELIVERED,,Ship,Complete,100,,,,,,9/4/24 00:00,9/4/24 00:00,15,TEK-004-BURGHER325HLND
W-7b,Exterior Wall,DELIVERED,,Ship,Complete,100,,,,,,2/12/25 00:00,2/12/25 00:00,162,TEK-018-ASPENGLENSD-5
W-10,Exterior Wall,DELIVERED,,Ship,Complete,100,,,,,,5/6/25 00:00,5/6/25 00:00,63,TEK-015-ASPENGLENSD-2
W-25,Interior Wall ,DELIVERED,,Ship,Complete,100,,,,,,5/6/25 00:00,5/6/25 00:00,45,TEK-015-ASPENGLENSD-2
W-70,Exterior Wall,DELIVERED,,Ship,Complete,100,,,,,,9/4/24 00:00,9/4/24 00:00,108,TEK-004-BURGHER325HLND
W-84,Interior Wall ,DELIVERED,,Ship,Complete,100,,,,,,11/4/24 00:00,11/4/24 00:00,270,TEK-019-ASPENGLENSD-6
W-71A,Interior Wall ,DELIVERED,,Ship,Complete,100,,,,,,5/7/25 00:00,5/7/25 00:00,90,TEK-015-ASPENGLENSD-2
W-43d,Interior Wall ,DELIVERED,,Ship,Complete,100,,,,,,2/12/25 00:00,2/12/25 00:00,22,TEK-018-ASPENGLENSD-5
W-21,Interior Wall ,DELIVERED,,Ship,Complete,100,,,,,,3/19/25 00:00,3/19/25 00:00,78,TEK-028-CHAROUHIS
W-4,Exterior Wall,DELIVERED,,Ship,Complete,100,,,,,,5/6/25 00:00,5/6/25 00:00,36,TEK-015-ASPENGLENSD-2
W-69C,Exterior Wall,DELIVERED,,Ship,Complete,100,,,,,,9/4/24 00:00,9/4/24 00:00,46,TEK-004-BURGHER325HLND
W-70,Interior Wall ,DELIVERED,,Ship,Complete,100,,,,,,2/12/25 00:00,2/12/25 00:00,20,TEK-018-ASPENGLENSD-5
W-17,Interior Wall ,DELIVERED,,Ship,Complete,100,,,,,,11/5/24 00:00,11/5/24 00:00,167,TEK-019-ASPENGLENSD-6
W-0.50,Interior Wall ,DELIVERED,,Ship,Complete,100,,,,,,3/19/25 00:00,3/19/25 00:00,95,TEK-028-CHAROUHIS
W-65B,Interior Wall ,DELIVERED,,Ship,Complete,100,,,,,,5/7/25 00:00,5/7/25 00:00,57,TEK-015-ASPENGLENSD-2
W-2.7,Exterior Wall,PENDING,,Cut,Pending,0,,,,,,,,36,TEK-028-CHAROUHIS
W-51,Exterior Wall,DELIVERED,,Ship,Complete,100,,,,,,5/7/25 00:00,5/7/25 00:00,81,TEK-015-ASPENGLENSD-2
F-7A,Floor Panel,DELIVERED,,Ship,Complete,100,,,,,,8/8/24 00:00,8/8/24 00:00,105,TEK-004-BURGHER325HLND
W-1.16,Exterior Wall,DELIVERED,,Ship,Complete,100,,,,,,4/25/25 00:00,4/25/25 00:00,45,TEK-028-CHAROUHIS
W-1.117,Interior Wall ,DELIVERED,,Ship,Complete,100,,,,,,5/14/25 00:00,5/14/25 00:00,122,TEK-028-CHAROUHIS
F-17,Floor Panel,DELIVERED,,Ship,Complete,100,,,,,,3/28/25 00:00,3/28/25 00:00,120,TEK-028-CHAROUHIS
W-19C,Interior Wall ,DELIVERED,,Ship,Complete,100,,,,,,5/6/25 00:00,5/6/25 00:00,27,TEK-015-ASPENGLENSD-2
W- 0:41,Interior Wall ,DELIVERED,,Ship,Complete,100,,,,,,3/19/25 00:00,3/19/25 00:00,110,TEK-028-CHAROUHIS
W-5,Exterior Wall,DELIVERED,,Ship,Complete,100,,,,,,5/6/25 00:00,5/6/25 00:00,18,TEK-015-ASPENGLENSD-2
F-11,Floor Panel,DELIVERED,,Ship,Complete,100,,,,,,3/28/25 00:00,3/28/25 00:00,266,TEK-028-CHAROUHIS
W-33c,Interior Wall ,DELIVERED,,Ship,Complete,100,,,,,,2/12/25 00:00,2/12/25 00:00,10,TEK-018-ASPENGLENSD-5
F-20,Floor Panel,DELIVERED,,Ship,Complete,100,,,,,,10/28/24 00:00,10/28/24 00:00,60,TEK-019-ASPENGLENSD-6
W-9,Exterior Wall,DELIVERED,,Ship,Complete,100,,,,,,11/4/24 00:00,11/4/24 00:00,36,TEK-019-ASPENGLENSD-6
W-16A,Exterior Wall,DELIVERED,,Ship,Complete,100,,,,,,5/6/25 00:00,5/6/25 00:00,65,TEK-015-ASPENGLENSD-2
W-54,Exterior Wall,DELIVERED,,Ship,Complete,100,,,,,,5/7/25 00:00,5/7/25 00:00,114,TEK-015-ASPENGLENSD-2
W-53,Exterior Wall,DELIVERED,,Ship,Complete,100,,,,,,5/7/25 00:00,5/7/25 00:00,10,TEK-015-ASPENGLENSD-2
W-33j,Interior Wall ,DELIVERED,,Ship,Complete,100,,,,,,2/12/25 00:00,2/12/25 00:00,35,TEK-018-ASPENGLENSD-5
W-52,Exterior Wall,DELIVERED,,Ship,Complete,100,,,,,,5/7/25 00:00,5/7/25 00:00,108,TEK-015-ASPENGLENSD-2
W-30,Interior Wall ,DELIVERED,,Ship,Complete,100,,,,,,9/12/24 00:00,9/12/24 00:00,10,TEK-004-BURGHER325HLND
W-13,Exterior Wall,DELIVERED,,Ship,Complete,100,,,,,,5/6/25 00:00,5/6/25 00:00,77,TEK-015-ASPENGLENSD-2
F-2A,Floor Panel,DELIVERED,,Ship,Complete,100,,,,,,8/8/24 00:00,8/8/24 00:00,84,TEK-004-BURGHER325HLND
F-8,Floor Panel,DELIVERED,,Ship,Complete,100,,,,,,2/5/25 00:00,2/5/25 00:00,369,TEK-018-ASPENGLENSD-5
W-9,Interior Wall ,DELIVERED,,Ship,Complete,100,,,,,,9/12/24 00:00,9/12/24 00:00,110,TEK-004-BURGHER325HLND
W-57 A/B,Exterior Wall,DELIVERED,,Ship,Complete,100,,,,,,5/7/25 00:00,5/7/25 00:00,260,TEK-015-ASPENGLENSD-2
W-1.24,Exterior Wall,DELIVERED,,Ship,Complete,100,,,,,,4/25/25 00:00,4/25/25 00:00,74,TEK-028-CHAROUHIS
W-38,Interior Wall ,DELIVERED,,Ship,Complete,100,,,,,,5/6/25 00:00,5/6/25 00:00,90,TEK-015-ASPENGLENSD-2
W-33,Interior Wall ,DELIVERED,,Ship,Complete,100,,,,,,2/12/25 00:00,2/12/25 00:00,20,TEK-018-ASPENGLENSD-5
W-1.12,Exterior Wall,DELIVERED,,Ship,Complete,100,,,,,,4/25/25 00:00,4/25/25 00:00,13,TEK-028-CHAROUHIS
W-1B,Exterior Wall,DELIVERED,,Ship,Complete,100,,,,,,9/4/24 00:00,9/4/24 00:00,98,TEK-004-BURGHER325HLND
W-23A,Interior Wall ,DELIVERED,,Ship,Complete,100,,,,,,11/5/24 00:00,11/5/24 00:00,70,TEK-019-ASPENGLENSD-6
W-0.27,Interior Wall ,DELIVERED,,Ship,Complete,100,,,,,,3/19/25 00:00,3/19/25 00:00,48,TEK-028-CHAROUHIS
W-14,Interior Wall ,DELIVERED,,Ship,Complete,100,,,,,,2/12/25 00:00,2/12/25 00:00,215,TEK-018-ASPENGLENSD-5
W-2.5,Interior Wall ,PENDING,,Cut,Pending,0,,,,,,,,55,TEK-028-CHAROUHIS
W-4,Interior Wall ,DELIVERED,,Ship,Complete,100,,,,,,9/4/24 00:00,9/4/24 00:00,117,TEK-004-BURGHER325HLND
W-77A,Interior Wall ,DELIVERED,,Ship,Complete,100,,,,,,5/7/25 00:00,5/7/25 00:00,20,TEK-015-ASPENGLENSD-2
W-1.33,Interior Wall ,DELIVERED,,Ship,Complete,100,,,,,,5/1/25 00:00,5/1/25 00:00,101,TEK-028-CHAROUHIS
W-2.8,Exterior Wall,PENDING,,Cut,Pending,0,,,,,,,,29,TEK-028-CHAROUHIS
W-54,Exterior Wall,DELIVERED,,Ship,Complete,100,,,,,,11/4/24 00:00,11/4/24 00:00,105,TEK-019-ASPENGLENSD-6
W-49A,Exterior Wall,DELIVERED,,Ship,Complete,100,,,,,,8/28/24 00:00,8/28/24 00:00,200,TEK-004-BURGHER325HLND
W-53,Interior Wall ,DELIVERED,,Ship,Complete,100,,,,,,8/28/24 00:00,8/28/24 00:00,29,TEK-004-BURGHER325HLND
W-59,Interior Wall ,DELIVERED,,Ship,Complete,100,,,,,,2/12/25 00:00,2/12/25 00:00,50,TEK-018-ASPENGLENSD-5
W-1.51,Exterior Wall,DELIVERED,,Ship,Complete,100,,,,,,5/1/25 00:00,5/1/25 00:00,79,TEK-028-CHAROUHIS
W0.25,Interior Wall ,DELIVERED,,Ship,Complete,100,,,,,,3/19/25 00:00,3/19/25 00:00,25,TEK-028-CHAROUHIS
W-50,Interior Wall ,DELIVERED,,Ship,Complete,100,,,,,,11/4/24 00:00,11/4/24 00:00,85,TEK-019-ASPENGLENSD-6
W-75,Interior Wall ,DELIVERED,,Ship,Complete,100,,,,,,9/4/24 00:00,9/4/24 00:00,63,TEK-004-BURGHER325HLND
W-0.19,Interior Wall ,DELIVERED,,Ship,Complete,100,,,,,,3/19/25 00:00,3/19/25 00:00,90,TEK-028-CHAROUHIS
W-67,Interior Wall ,DELIVERED,,Ship,Complete,100,,,,,,11/4/24 00:00,11/4/24 00:00,19,TEK-019-ASPENGLENSD-6
W-76,Interior Wall ,DELIVERED,,Ship,Complete,100,,,,,,5/7/25 00:00,5/7/25 00:00,117,TEK-015-ASPENGLENSD-2
W-42,Exterior Wall,DELIVERED,,Ship,Complete,100,,,,,,8/28/24 00:00,8/28/24 00:00,36,TEK-004-BURGHER325HLND
W-7,Exterior Wall,DELIVERED,,Ship,Complete,100,,,,,,5/6/25 00:00,5/6/25 00:00,225,TEK-015-ASPENGLENSD-2
W-1.109,Interior Wall ,DELIVERED,,Ship,Complete,100,,,,,,5/14/25 00:00,5/14/25 00:00,23,TEK-028-CHAROUHIS
W-21,Exterior Wall,DELIVERED,,Ship,Complete,100,,,,,,5/6/25 00:00,5/6/25 00:00,189,TEK-015-ASPENGLENSD-2
W-32,Interior Wall ,DELIVERED,,Ship,Complete,100,,,,,,5/6/25 00:00,5/6/25 00:00,18,TEK-015-ASPENGLENSD-2
W-44,Exterior Wall,DELIVERED,,Ship,Complete,100,,,,,,2/12/25 00:00,2/12/25 00:00,260,TEK-018-ASPENGLENSD-5
W-2.16,Exterior Wall,PENDING,,Cut,Pending,0,,,,,,,,47,TEK-028-CHAROUHIS
W-51,Interior Wall ,DELIVERED,,Ship,Complete,100,,,,,,2/12/25 00:00,2/12/25 00:00,65,TEK-018-ASPENGLENSD-5
F-9,Floor Panel,DELIVERED,,Ship,Complete,100,,,,,,5/5/25 00:00,5/5/25 00:00,216,TEK-015-ASPENGLENSD-2
W-1.58,Interior Wall ,DELIVERED,,Ship,Complete,100,,,,,,5/1/25 00:00,5/1/25 00:00,30,TEK-028-CHAROUHIS
W-82,Interior Wall ,DELIVERED,,Ship,Complete,100,,,,,,11/4/24 00:00,11/4/24 00:00,225,TEK-019-ASPENGLENSD-6
W-91,Interior Wall ,DELIVERED,,Ship,Complete,100,,,,,,9/4/24 00:00,9/4/24 00:00,120,TEK-004-BURGHER325HLND
W-1.101,Interior Wall ,DELIVERED,,Ship,Complete,100,,,,,,5/14/25 00:00,5/14/25 00:00,48,TEK-028-CHAROUHIS
W-0.56,Interior Wall ,DELIVERED,,Ship,Complete,100,,,,,,3/19/25 00:00,3/19/25 00:00,20,TEK-028-CHAROUHIS
W-46,Exterior Wall,DELIVERED,,Ship,Complete,100,,,,,,8/28/24 00:00,8/28/24 00:00,54,TEK-004-BURGHER325HLND
W-1.32,Exterior Wall,DELIVERED,,Ship,Complete,100,,,,,,5/1/25 00:00,5/1/25 00:00,46,TEK-028-CHAROUHIS
W-1.85,Interior Wall ,DELIVERED,,Ship,Complete,100,,,,,,5/14/25 00:00,5/14/25 00:00,105,TEK-028-CHAROUHIS
W-73,Interior Wall ,DELIVERED,,Ship,Complete,100,,,,,,5/7/25 00:00,5/7/25 00:00,54,TEK-015-ASPENGLENSD-2
F-36,Floor Panel,DELIVERED,,Ship,Complete,100,,,,,,5/29/25 00:00,5/29/25 00:00,62,TEK-028-CHAROUHIS
W-51,Exterior Wall,DELIVERED,,Ship,Complete,100,,,,,,11/4/24 00:00,11/4/24 00:00,127,TEK-019-ASPENGLENSD-6
F-7,Floor Panel,DELIVERED,,Ship,Complete,100,,,,,,8/8/24 00:00,8/8/24 00:00,230,TEK-004-BURGHER325HLND
W-7,Exterior Wall,DELIVERED,,Ship,Complete,100,,,,,,2/12/25 00:00,2/12/25 00:00,60,TEK-018-ASPENGLENSD-5
W-18,Interior Wall ,DELIVERED,,Ship,Complete,100,,,,,,2/12/25 00:00,2/12/25 00:00,110,TEK-018-ASPENGLENSD-5
W-60,Exterior Wall,DELIVERED,,Ship,Complete,100,,,,,,5/7/25 00:00,5/7/25 00:00,45,TEK-015-ASPENGLENSD-2
W-50,Interior Wall ,DELIVERED,,Ship,Complete,100,,,,,,8/28/24 00:00,8/28/24 00:00,57,TEK-004-BURGHER325HLND
F-9,Floor Panel,DELIVERED,,Ship,Complete,100,,,,,,8/8/24 00:00,8/8/24 00:00,273,TEK-004-BURGHER325HLND
W-1.84,Interior Wall ,DELIVERED,,Ship,Complete,100,,,,,,5/14/25 00:00,5/14/25 00:00,38,TEK-028-CHAROUHIS
F-1,Floor Panel,DELIVERED,,Ship,Complete,100,,,,,,10/31/24 00:00,10/31/24 00:00,228,TEK-019-ASPENGLENSD-6
F-14,Floor Panel,DELIVERED,,Ship,Complete,100,,,,,,5/5/25 00:00,5/5/25 00:00,84,TEK-015-ASPENGLENSD-2
F-19,Floor Panel,DELIVERED,,Ship,Complete,100,,,,,,10/28/24 00:00,10/28/24 00:00,168,TEK-019-ASPENGLENSD-6
W-1.42,Exterior Wall,DELIVERED,,Ship,Complete,100,,,,,,5/1/25 00:00,5/1/25 00:00,96,TEK-028-CHAROUHIS
F-1A,Floor Panel,DELIVERED,,Ship,Complete,100,,,,,,5/5/25 00:00,5/5/25 00:00,168,TEK-015-ASPENGLENSD-2
W-0.36,Interior Wall ,DELIVERED,,Ship,Complete,100,,,,,,3/19/25 00:00,3/19/25 00:00,65,TEK-028-CHAROUHIS
W-25,Interior Wall ,DELIVERED,,Ship,Complete,100,,,,,,9/12/24 00:00,9/12/24 00:00,26,TEK-004-BURGHER325HLND
W-62,Exterior Wall,DELIVERED,,Ship,Complete,100,,,,,,5/7/25 00:00,5/7/25 00:00,29,TEK-015-ASPENGLENSD-2
F-34,Floor Panel,DELIVERED,,Ship,Complete,100,,,,,,5/29/25 00:00,5/29/25 00:00,279,TEK-028-CHAROUHIS
W-12,Exterior Wall,DELIVERED,,Ship,Complete,100,,,,,,2/12/25 00:00,2/12/25 00:00,180,TEK-018-ASPENGLENSD-5
W-55,Interior Wall ,DELIVERED,,Ship,Complete,100,,,,,,8/28/24 00:00,8/28/24 00:00,19,TEK-004-BURGHER325HLND
W-1.103,Interior Wall ,DELIVERED,,Ship,Complete,100,,,,,,5/14/25 00:00,5/14/25 00:00,25,TEK-028-CHAROUHIS
W-2.31,Exterior Wall,PENDING,,Cut,Pending,0,,,,,,,,37,TEK-028-CHAROUHIS
W-78-79-80,Exterior Wall,DELIVERED,,Ship,Complete,100,,,,,,5/7/25 00:00,5/7/25 00:00,408,TEK-015-ASPENGLENSD-2
F-18B,Floor Panel,DELIVERED,,Ship,Complete,100,,,,,,3/28/25 00:00,3/28/25 00:00,51,TEK-028-CHAROUHIS
W-31,Interior Wall ,DELIVERED,,Ship,Complete,100,,,,,,9/12/24 00:00,9/12/24 00:00,50,TEK-004-BURGHER325HLND
W-46,Interior Wall ,DELIVERED,,Ship,Complete,100,,,,,,11/4/24 00:00,11/4/24 00:00,135,TEK-019-ASPENGLENSD-6
W-57,Exterior Wall,DELIVERED,,Ship,Complete,100,,,,,,2/12/25 00:00,2/12/25 00:00,60,TEK-018-ASPENGLENSD-5
W-0.31,Interior Wall ,DELIVERED,,Ship,Complete,100,,,,,,3/19/25 00:00,3/19/25 00:00,140,TEK-028-CHAROUHIS
F-13,Floor Panel,DELIVERED,,Ship,Complete,100,,,,,,3/28/25 00:00,3/28/25 00:00,239,TEK-028-CHAROUHIS
W-8A,Interior Wall ,DELIVERED,,Ship,Complete,100,,,,,,5/6/25 00:00,5/6/25 00:00,18,TEK-015-ASPENGLENSD-2
W-2.32,Exterior Wall,PENDING,,Cut,Pending,0,,,,,,,,33,TEK-028-CHAROUHIS
W-28,Interior Wall ,DELIVERED,,Ship,Complete,100,,,,,,5/6/25 00:00,5/6/25 00:00,19,TEK-015-ASPENGLENSD-2
W-48,Interior Wall ,DELIVERED,,Ship,Complete,100,,,,,,11/4/24 00:00,11/4/24 00:00,139,TEK-019-ASPENGLENSD-6
W-51,Interior Wall ,DELIVERED,,Ship,Complete,100,,,,,,8/28/24 00:00,8/28/24 00:00,33,TEK-004-BURGHER325HLND
W-53,Interior Wall ,DELIVERED,,Ship,Complete,100,,,,,,2/12/25 00:00,2/12/25 00:00,100,TEK-018-ASPENGLENSD-5
W-73A,Interior Wall ,DELIVERED,,Ship,Complete,100,,,,,,5/7/25 00:00,5/7/25 00:00,36,TEK-015-ASPENGLENSD-2
W-1.65,Exterior Wall,DELIVERED,,Ship,Complete,100,,,,,,5/1/25 00:00,5/1/25 00:00,20,TEK-028-CHAROUHIS
W-1.34,Interior Wall ,DELIVERED,,Ship,Complete,100,,,,,,5/1/25 00:00,5/1/25 00:00,43,TEK-028-CHAROUHIS
W-19B,Interior Wall ,DELIVERED,,Ship,Complete,100,,,,,,5/6/25 00:00,5/6/25 00:00,10,TEK-015-ASPENGLENSD-2
F-17,Floor Panel,DELIVERED,,Ship,Complete,100,,,,,,2/5/25 00:00,2/5/25 00:00,93,TEK-018-ASPENGLENSD-5
W-1.29,Interior Wall ,DELIVERED,,Ship,Complete,100,,,,,,5/1/25 00:00,5/1/25 00:00,208,TEK-028-CHAROUHIS
F-13,Floor Panel,DELIVERED,,Ship,Complete,100,,,,,,2/5/25 00:00,2/5/25 00:00,88,TEK-018-ASPENGLENSD-5
W-1.92,Interior Wall ,DELIVERED,,Ship,Complete,100,,,,,,5/14/25 00:00,5/14/25 00:00,97,TEK-028-CHAROUHIS
W-1.112,Interior Wall ,DELIVERED,,Ship,Complete,100,,,,,,5/14/25 00:00,5/14/25 00:00,112,TEK-028-CHAROUHIS
W-1.76,Exterior Wall,DELIVERED,,Ship,Complete,100,,,,,,5/14/25 00:00,5/14/25 00:00,165,TEK-028-CHAROUHIS
F-2,Floor Panel,DELIVERED,,Ship,Complete,100,,,,,,2/5/25 00:00,2/5/25 00:00,211,TEK-018-ASPENGLENSD-5
W-18b,Exterior Wall,DELIVERED,,Ship,Complete,100,,,,,,2/12/25 00:00,2/12/25 00:00,80,TEK-018-ASPENGLENSD-5
W-1.22,Exterior Wall,DELIVERED,,Ship,Complete,100,,,,,,4/25/25 00:00,4/25/25 00:00,61,TEK-028-CHAROUHIS
W-86,Interior Wall ,DELIVERED,,Ship,Complete,100,,,,,,9/4/24 00:00,9/4/24 00:00,48,TEK-004-BURGHER325HLND
W-22,Interior Wall ,DELIVERED,,Ship,Complete,100,,,,,,5/6/25 00:00,5/6/25 00:00,100,TEK-015-ASPENGLENSD-2
W-33a,Interior Wall ,DELIVERED,,Ship,Complete,100,,,,,,2/12/25 00:00,2/12/25 00:00,20,TEK-018-ASPENGLENSD-5
W-33k,Interior Wall ,DELIVERED,,Ship,Complete,100,,,,,,2/12/25 00:00,2/12/25 00:00,30,TEK-018-ASPENGLENSD-5
W-0.34A,Interior Wall ,DELIVERED,,Ship,Complete,100,,,,,,3/19/25 00:00,3/19/25 00:00,105,TEK-028-CHAROUHIS
W-1.27,Exterior Wall,DELIVERED,,Ship,Complete,100,,,,,,4/25/25 00:00,4/25/25 00:00,114,TEK-028-CHAROUHIS
W-11,Exterior Wall,DELIVERED,,Ship,Complete,100,,,,,,5/6/25 00:00,5/6/25 00:00,40,TEK-015-ASPENGLENSD-2
W-0.32 A,Interior Wall ,DELIVERED,,Ship,Complete,100,,,,,,3/19/25 00:00,3/19/25 00:00,135,TEK-028-CHAROUHIS
W-1.98,Interior Wall ,DELIVERED,,Ship,Complete,100,,,,,,5/14/25 00:00,5/14/25 00:00,15,TEK-028-CHAROUHIS
W-65A,Interior Wall ,DELIVERED,,Ship,Complete,100,,,,,,11/4/24 00:00,11/4/24 00:00,0,TEK-019-ASPENGLENSD-6
W-78,Interior Wall ,DELIVERED,,Ship,Complete,100,,,,,,11/4/24 00:00,11/4/24 00:00,85,TEK-019-ASPENGLENSD-6
W-0.9,Interior Wall ,DELIVERED,,Ship,Complete,100,,,,,,3/19/25 00:00,3/19/25 00:00,130,TEK-028-CHAROUHIS
W-89,Interior Wall ,DELIVERED,,Ship,Complete,100,,,,,,11/4/24 00:00,11/4/24 00:00,48,TEK-019-ASPENGLENSD-6
W-81,Exterior Wall,DELIVERED,,Ship,Complete,100,,,,,,5/7/25 00:00,5/7/25 00:00,30,TEK-015-ASPENGLENSD-2
W-2.17,Exterior Wall,PENDING,,Cut,Pending,0,,,,,,,,250,TEK-028-CHAROUHIS
W-1.38,Exterior Wall,DELIVERED,,Ship,Complete,100,,,,,,5/1/25 00:00,5/1/25 00:00,22,TEK-028-CHAROUHIS
W-1.14,Interior Wall ,DELIVERED,,Ship,Complete,100,,,,,,4/25/25 00:00,4/25/25 00:00,58,TEK-028-CHAROUHIS
F-11,Floor Panel,DELIVERED,,Ship,Complete,100,,,,,,5/5/25 00:00,5/5/25 00:00,170,TEK-015-ASPENGLENSD-2
W-1.15,Exterior Wall,DELIVERED,,Ship,Complete,100,,,,,,4/25/25 00:00,4/25/25 00:00,159,TEK-028-CHAROUHIS
W-0.24,Interior Wall ,DELIVERED,,Ship,Complete,100,,,,,,3/19/25 00:00,3/19/25 00:00,6,TEK-028-CHAROUHIS
F-11,Floor Panel,DELIVERED,,Ship,Complete,100,,,,,,2/5/25 00:00,2/5/25 00:00,338,TEK-018-ASPENGLENSD-5
W-1.18,Exterior Wall,DELIVERED,,Ship,Complete,100,,,,,,4/25/25 00:00,4/25/25 00:00,16,TEK-028-CHAROUHIS
F-10,Floor Panel,DELIVERED,,Ship,Complete,100,,,,,,2/5/25 00:00,2/5/25 00:00,371,TEK-018-ASPENGLENSD-5
F-17,Floor Panel,DELIVERED,,Ship,Complete,100,,,,,,10/28/24 00:00,10/28/24 00:00,140,TEK-019-ASPENGLENSD-6
W-0.59a,Interior Wall ,DELIVERED,,Ship,Complete,100,,,,,,3/19/25 00:00,3/19/25 00:00,35,TEK-028-CHAROUHIS
F-28,Floor Panel,DELIVERED,,Ship,Complete,100,,,,,,5/29/25 00:00,5/29/25 00:00,87,TEK-028-CHAROUHIS
W-2.28,Interior Wall ,PENDING,,Cut,Pending,0,,,,,,,,104,TEK-028-CHAROUHIS
W-38a,Interior Wall ,DELIVERED,,Ship,Complete,100,,,,,,2/12/25 00:00,2/12/25 00:00,30,TEK-018-ASPENGLENSD-5
F-7,Floor Panel,DELIVERED,,Ship,Complete,100,,,,,,10/31/24 00:00,10/31/24 00:00,81,TEK-019-ASPENGLENSD-6
W-20,Exterior Wall,DELIVERED,,Ship,Complete,100,,,,,,11/5/24 00:00,11/5/24 00:00,25,TEK-019-ASPENGLENSD-6
F-24B,Floor Panel,DELIVERED,,Ship,Complete,100,,,,,,5/29/25 00:00,5/29/25 00:00,90,TEK-028-CHAROUHIS
W-19A,Interior Wall ,DELIVERED,,Ship,Complete,100,,,,,,5/6/25 00:00,5/6/25 00:00,36,TEK-015-ASPENGLENSD-2
W-18,Interior Wall ,DELIVERED,,Ship,Complete,100,,,,,,11/5/24 00:00,11/5/24 00:00,15,TEK-019-ASPENGLENSD-6
SB / LB,Beam,DELIVERED,,Ship,Complete,100,,,,,,5/5/25 00:00,5/5/25 00:00,0,TEK-015-ASPENGLENSD-2
W-85,Exterior Wall,DELIVERED,,Ship,Complete,100,,,,,,11/4/24 00:00,11/4/24 00:00,145,TEK-019-ASPENGLENSD-6
W-56,Exterior Wall,DELIVERED,,Ship,Complete,100,,,,,,11/4/24 00:00,11/4/24 00:00,120,TEK-019-ASPENGLENSD-6
W-57,Interior Wall ,DELIVERED,,Ship,Complete,100,,,,,,8/28/24 00:00,8/28/24 00:00,52,TEK-004-BURGHER325HLND
W-56A,Interior Wall ,DELIVERED,,Ship,Complete,100,,,,,,8/28/24 00:00,8/28/24 00:00,41,TEK-004-BURGHER325HLND
W-2.21A,Interior Wall ,PENDING,,Cut,Pending,0,,,,,,,,66,TEK-028-CHAROUHIS
W-49B,Exterior Wall,DELIVERED,,Ship,Complete,100,,,,,,8/28/24 00:00,8/28/24 00:00,95,TEK-004-BURGHER325HLND
W-73,Interior Wall ,DELIVERED,,Ship,Complete,100,,,,,,2/12/25 00:00,2/12/25 00:00,26,TEK-018-ASPENGLENSD-5
W-1.83,Interior Wall ,DELIVERED,,Ship,Complete,100,,,,,,5/14/25 00:00,5/14/25 00:00,60,TEK-028-CHAROUHIS
W-0.5.5A,Interior Wall ,DELIVERED,,Ship,Complete,100,,,,,,3/19/25 00:00,3/19/25 00:00,333,TEK-028-CHAROUHIS
W-32,Interior Wall ,DELIVERED,,Ship,Complete,100,,,,,,2/12/25 00:00,2/12/25 00:00,10,TEK-018-ASPENGLENSD-5
W-63,Interior Wall ,DELIVERED,,Ship,Complete,100,,,,,,2/12/25 00:00,2/12/25 00:00,60,TEK-018-ASPENGLENSD-5
W-0.2,Interior Wall ,DELIVERED,,Ship,Complete,100,,,,,,3/19/25 00:00,3/19/25 00:00,48,TEK-028-CHAROUHIS
W-2.22,Exterior Wall,PENDING,,Cut,Pending,0,,,,,,,,117,TEK-028-CHAROUHIS
W- 1.19A,Exterior Wall,DELIVERED,,Ship,Complete,100,,,,,,4/25/25 00:00,4/25/25 00:00,38,TEK-028-CHAROUHIS
F-1,Floor Panel,DELIVERED,,Ship,Complete,100,,,,,,2/5/25 00:00,2/5/25 00:00,300,TEK-018-ASPENGLENSD-5
W-77A,Interior Wall ,DELIVERED,,Ship,Complete,100,,,,,,5/7/25 00:00,5/7/25 00:00,90,TEK-015-ASPENGLENSD-2
W-29,Interior Wall ,DELIVERED,,Ship,Complete,100,,,,,,9/12/24 00:00,9/12/24 00:00,53,TEK-004-BURGHER325HLND
W-0.17,Interior Wall ,DELIVERED,,Ship,Complete,100,,,,,,3/19/25 00:00,3/19/25 00:00,70,TEK-028-CHAROUHIS
W- 1.13A,Interior Wall ,DELIVERED,,Ship,Complete,100,,,,,,4/25/25 00:00,4/25/25 00:00,31,TEK-028-CHAROUHIS
W-70,Interior Wall ,DELIVERED,,Ship,Complete,100,,,,,,5/7/25 00:00,5/7/25 00:00,20,TEK-015-ASPENGLENSD-2
W-1.47,Interior Wall ,DELIVERED,,Ship,Complete,100,,,,,,5/1/25 00:00,5/1/25 00:00,148,TEK-028-CHAROUHIS
W-68,Interior Wall ,DELIVERED,,Ship,Complete,100,,,,,,11/4/24 00:00,11/4/24 00:00,19,TEK-019-ASPENGLENSD-6
W-85,Exterior Wall,DELIVERED,,Ship,Complete,100,,,,,,5/7/25 00:00,5/7/25 00:00,78,TEK-015-ASPENGLENSD-2
F-16,Floor Panel,DELIVERED,,Ship,Complete,100,,,,,,8/8/24 00:00,8/8/24 00:00,250,TEK-004-BURGHER325HLND
F-4,Floor Panel,DELIVERED,,Ship,Complete,100,,,,,,10/31/24 00:00,10/31/24 00:00,228,TEK-019-ASPENGLENSD-6
W-1.21,Interior Wall ,DELIVERED,,Ship,Complete,100,,,,,,4/25/25 00:00,4/25/25 00:00,116,TEK-028-CHAROUHIS
W-2.23,Interior Wall ,PENDING,,Cut,Pending,0,,,,,,,,22,TEK-028-CHAROUHIS
F-3,Floor Panel,DELIVERED,,Ship,Complete,100,,,,,,3/28/25 00:00,3/28/25 00:00,74,TEK-028-CHAROUHIS
W-1.86,Interior Wall ,DELIVERED,,Ship,Complete,100,,,,,,5/14/25 00:00,5/14/25 00:00,234,TEK-028-CHAROUHIS
F-19,Floor Panel,DELIVERED,,Ship,Complete,100,,,,,,8/8/24 00:00,8/8/24 00:00,220,TEK-004-BURGHER325HLND
F-9,Floor Panel,DELIVERED,,Ship,Complete,100,,,,,,3/28/25 00:00,3/28/25 00:00,218,TEK-028-CHAROUHIS
W-2.11,Exterior Wall,PENDING,,Cut,Pending,0,,,,,,,,30,TEK-028-CHAROUHIS
F-5,Floor Panel,DELIVERED,,Ship,Complete,100,,,,,,2/5/25 00:00,2/5/25 00:00,221,TEK-018-ASPENGLENSD-5
W-1.19,Exterior Wall,DELIVERED,,Ship,Complete,100,,,,,,4/25/25 00:00,4/25/25 00:00,141,TEK-028-CHAROUHIS
W-67,Interior Wall ,DELIVERED,,Ship,Complete,100,,,,,,5/7/25 00:00,5/7/25 00:00,135,TEK-015-ASPENGLENSD-2
W-0.4,Interior Wall ,DELIVERED,,Ship,Complete,100,,,,,,3/19/25 00:00,3/19/25 00:00,31,TEK-028-CHAROUHIS
W-0.60,Interior Wall ,DELIVERED,,Ship,Complete,100,,,,,,3/19/25 00:00,3/19/25 00:00,75,TEK-028-CHAROUHIS
W-72,Interior Wall ,DELIVERED,,Ship,Complete,100,,,,,,5/7/25 00:00,5/7/25 00:00,135,TEK-015-ASPENGLENSD-2
W-50,Interior Wall ,DELIVERED,,Ship,Complete,100,,,,,,2/12/25 00:00,2/12/25 00:00,130,TEK-018-ASPENGLENSD-5
W-46,Exterior Wall,DELIVERED,,Ship,Complete,100,,,,,,5/7/25 00:00,5/7/25 00:00,108,TEK-015-ASPENGLENSD-2
W-0.14,Interior Wall ,DELIVERED,,Ship,Complete,100,,,,,,3/19/25 00:00,3/19/25 00:00,66,TEK-028-CHAROUHIS
W-56,Exterior Wall,DELIVERED,,Ship,Complete,100,,,,,,8/28/24 00:00,8/28/24 00:00,67,TEK-004-BURGHER325HLND
F-14,Floor Panel,DELIVERED,,Ship,Complete,100,,,,,,2/5/25 00:00,2/5/25 00:00,125,TEK-018-ASPENGLENSD-5
W-48,Exterior Wall,DELIVERED,,Ship,Complete,100,,,,,,5/7/25 00:00,5/7/25 00:00,130,TEK-015-ASPENGLENSD-2
W-1.8A,Interior Wall ,DELIVERED,,Ship,Complete,100,,,,,,4/25/25 00:00,4/25/25 00:00,198,TEK-028-CHAROUHIS
W-23,Exterior Wall,DELIVERED,,Ship,Complete,100,,,,,,11/5/24 00:00,11/5/24 00:00,85,TEK-019-ASPENGLENSD-6
W-16,Interior Wall ,DELIVERED,,Ship,Complete,100,,,,,,5/6/25 00:00,5/6/25 00:00,63,TEK-015-ASPENGLENSD-2
W-8,Exterior Wall,DELIVERED,,Ship,Complete,100,,,,,,2/12/25 00:00,2/12/25 00:00,117,TEK-018-ASPENGLENSD-5
W-80,Interior Wall ,DELIVERED,,Ship,Complete,100,,,,,,9/4/24 00:00,9/4/24 00:00,40,TEK-004-BURGHER325HLND
W-1.66,Exterior Wall,DELIVERED,,Ship,Complete,100,,,,,,5/1/25 00:00,5/1/25 00:00,26,TEK-028-CHAROUHIS
W-27,Interior Wall ,DELIVERED,,Ship,Complete,100,,,,,,9/12/24 00:00,9/12/24 00:00,32,TEK-004-BURGHER325HLND
W-1.75,Interior Wall ,DELIVERED,,Ship,Complete,100,,,,,,5/14/25 00:00,5/14/25 00:00,184,TEK-028-CHAROUHIS
W-33b,Interior Wall ,DELIVERED,,Ship,Complete,100,,,,,,2/12/25 00:00,2/12/25 00:00,20,TEK-018-ASPENGLENSD-5
F-33,Floor Panel,DELIVERED,,Ship,Complete,100,,,,,,5/29/25 00:00,5/29/25 00:00,312,TEK-028-CHAROUHIS
W.035,Interior Wall ,DELIVERED,,Ship,Complete,100,,,,,,3/19/25 00:00,3/19/25 00:00,130,TEK-028-CHAROUHIS
W-21,Exterior Wall,DELIVERED,,Ship,Complete,100,,,,,,9/12/24 00:00,9/12/24 00:00,153,TEK-004-BURGHER325HLND
W-53,Exterior Wall,DELIVERED,,Ship,Complete,100,,,,,,11/4/24 00:00,11/4/24 00:00,135,TEK-019-ASPENGLENSD-6
W-0.29,Interior Wall ,DELIVERED,,Ship,Complete,100,,,,,,3/19/25 00:00,3/19/25 00:00,81,TEK-028-CHAROUHIS
F-22,Floor Panel,DELIVERED,,Ship,Complete,100,,,,,,8/8/24 00:00,8/8/24 00:00,29,TEK-004-BURGHER325HLND
F-1 ,Floor Panel,DELIVERED,,Ship,Complete,100,,,,,,3/28/25 00:00,3/28/25 00:00,30,TEK-028-CHAROUHIS
W-60A,Interior Wall ,DELIVERED,,Ship,Complete,100,,,,,,8/28/24 00:00,8/28/24 00:00,48,TEK-004-BURGHER325HLND
R-1,Roof Panel,DELIVERED,,Ship,Complete,100,,,,,,5/7/25 00:00,5/7/25 00:00,41,TEK-015-ASPENGLENSD-2
W-14,Interior Wall ,DELIVERED,,Ship,Complete,100,,,,,,9/12/24 00:00,9/12/24 00:00,100,TEK-004-BURGHER325HLND
W-74,Exterior Wall,DELIVERED,,Ship,Complete,100,,,,,,9/4/24 00:00,9/4/24 00:00,24,TEK-004-BURGHER325HLND
W-72,Interior Wall ,DELIVERED,,Ship,Complete,100,,,,,,2/12/25 00:00,2/12/25 00:00,110,TEK-018-ASPENGLENSD-5
W-16C,Interior Wall ,DELIVERED,,Ship,Complete,100,,,,,,5/6/25 00:00,5/6/25 00:00,19,TEK-015-ASPENGLENSD-2
W-14,Interior Wall ,DELIVERED,,Ship,Complete,100,,,,,,11/5/24 00:00,11/5/24 00:00,33,TEK-019-ASPENGLENSD-6
W-66B,Exterior Wall,DELIVERED,,Ship,Complete,100,,,,,,9/4/24 00:00,9/4/24 00:00,186,TEK-004-BURGHER325HLND
W-3,Exterior Wall,DELIVERED,,Ship,Complete,100,,,,,,2/12/25 00:00,2/12/25 00:00,100,TEK-018-ASPENGLENSD-5
W-72,Exterior Wall,DELIVERED,,Ship,Complete,100,,,,,,9/4/24 00:00,9/4/24 00:00,30,TEK-004-BURGHER325HLND
W-6,Interior Wall ,DELIVERED,,Ship,Complete,100,,,,,,9/4/24 00:00,9/4/24 00:00,108,TEK-004-BURGHER325HLND
W-1.11A,Interior Wall ,DELIVERED,,Ship,Complete,100,,,,,,4/25/25 00:00,4/25/25 00:00,24,TEK-028-CHAROUHIS
F-11A,Floor Panel,DELIVERED,,Ship,Complete,100,,,,,,5/5/25 00:00,5/5/25 00:00,144,TEK-015-ASPENGLENSD-2
SB / LB,Beam,DELIVERED,,Ship,Complete,100,,,,,,5/5/25 00:00,5/5/25 00:00,0,TEK-015-ASPENGLENSD-2
W-0.56a,Interior Wall ,DELIVERED,,Ship,Complete,100,,,,,,3/19/25 00:00,3/19/25 00:00,20,TEK-028-CHAROUHIS
F-16B,Floor Panel,DELIVERED,,Ship,Complete,100,,,,,,2/5/25 00:00,2/5/25 00:00,17,TEK-018-ASPENGLENSD-5
W-79,Interior Wall ,DELIVERED,,Ship,Complete,100,,,,,,9/4/24 00:00,9/4/24 00:00,28,TEK-004-BURGHER325HLND
W-6,Interior Wall ,DELIVERED,,Ship,Complete,100,,,,,,11/4/24 00:00,11/4/24 00:00,158,TEK-019-ASPENGLENSD-6
W-75,Interior Wall ,DELIVERED,,Ship,Complete,100,,,,,,2/12/25 00:00,2/12/25 00:00,40,TEK-018-ASPENGLENSD-5
W-70,Interior Wall ,DELIVERED,,Ship,Complete,100,,,,,,11/4/24 00:00,11/4/24 00:00,29,TEK-019-ASPENGLENSD-6
W-1.55,Interior Wall ,DELIVERED,,Ship,Complete,100,,,,,,5/1/25 00:00,5/1/25 00:00,23,TEK-028-CHAROUHIS
W-6,Exterior Wall,DELIVERED,,Ship,Complete,100,,,,,,5/6/25 00:00,5/6/25 00:00,216,TEK-015-ASPENGLENSD-2
W-42A,Exterior Wall,DELIVERED,,Ship,Complete,100,,,,,,11/4/24 00:00,11/4/24 00:00,231,TEK-019-ASPENGLENSD-6
W-55,Exterior Wall,DELIVERED,,Ship,Complete,100,,,,,,2/12/25 00:00,2/12/25 00:00,180,TEK-018-ASPENGLENSD-5
W-1.6,Exterior Wall,DELIVERED,,Ship,Complete,100,,,,,,4/25/25 00:00,4/25/25 00:00,225,TEK-028-CHAROUHIS
W-37,Interior Wall ,DELIVERED,,Ship,Complete,100,,,,,,2/12/25 00:00,2/12/25 00:00,13,TEK-018-ASPENGLENSD-5
F-8,Floor Panel,DELIVERED,,Ship,Complete,100,,,,,,3/28/25 00:00,3/28/25 00:00,62,TEK-028-CHAROUHIS
F-14,Floor Panel,DELIVERED,,Ship,Complete,100,,,,,,10/28/24 00:00,10/28/24 00:00,47,TEK-019-ASPENGLENSD-6
W-79A,Interior Wall ,DELIVERED,,Ship,Complete,100,,,,,,9/4/24 00:00,9/4/24 00:00,16,TEK-004-BURGHER325HLND
W-1.28,Exterior Wall,DELIVERED,,Ship,Complete,100,,,,,,4/25/25 00:00,4/25/25 00:00,53,TEK-028-CHAROUHIS
W-54,Interior Wall ,DELIVERED,,Ship,Complete,100,,,,,,8/28/24 00:00,8/28/24 00:00,95,TEK-004-BURGHER325HLND
F-3,Floor Panel,DELIVERED,,Ship,Complete,100,,,,,,10/31/24 00:00,10/31/24 00:00,228,TEK-019-ASPENGLENSD-6
W-8,Exterior Wall,DELIVERED,,Ship,Complete,100,,,,,,5/6/25 00:00,5/6/25 00:00,136,TEK-015-ASPENGLENSD-2
W-1.10,Exterior Wall,DELIVERED,,Ship,Complete,100,,,,,,4/25/25 00:00,4/25/25 00:00,97,TEK-028-CHAROUHIS
W-0.11,Interior Wall ,DELIVERED,,Ship,Complete,100,,,,,,3/19/25 00:00,3/19/25 00:00,68,TEK-028-CHAROUHIS
W-35,Interior Wall ,DELIVERED,,Ship,Complete,100,,,,,,2/12/25 00:00,2/12/25 00:00,70,TEK-018-ASPENGLENSD-5
W-1,Interior Wall ,DELIVERED,,Ship,Complete,100,,,,,,5/6/25 00:00,5/6/25 00:00,162,TEK-015-ASPENGLENSD-2
W-44,Exterior Wall,DELIVERED,,Ship,Complete,100,,,,,,8/28/24 00:00,8/28/24 00:00,54,TEK-004-BURGHER325HLND
R-3,Roof Panel,DELIVERED,,Ship,Complete,100,,,,,,5/7/25 00:00,5/7/25 00:00,120,TEK-015-ASPENGLENSD-2
W-10,Exterior Wall,DELIVERED,,Ship,Complete,100,,,,,,2/12/25 00:00,2/12/25 00:00,95,TEK-018-ASPENGLENSD-5
W-0.13,Interior Wall ,DELIVERED,,Ship,Complete,100,,,,,,3/19/25 00:00,3/19/25 00:00,9,TEK-028-CHAROUHIS
W-1.1,Exterior Wall,DELIVERED,,Ship,Complete,100,,,,,,4/25/25 00:00,4/25/25 00:00,94,TEK-028-CHAROUHIS
W-30,Interior Wall ,DELIVERED,,Ship,Complete,100,,,,,,5/6/25 00:00,5/6/25 00:00,18,TEK-015-ASPENGLENSD-2
W-1.82,Interior Wall ,DELIVERED,,Ship,Complete,100,,,,,,5/14/25 00:00,5/14/25 00:00,82,TEK-028-CHAROUHIS
R-2,Roof Panel,DELIVERED,,Ship,Complete,100,,,,,,5/7/25 00:00,5/7/25 00:00,85,TEK-015-ASPENGLENSD-2
W-72A,Interior Wall ,DELIVERED,,Ship,Complete,100,,,,,,5/7/25 00:00,5/7/25 00:00,50,TEK-015-ASPENGLENSD-2
W-31A,Exterior Wall,DELIVERED,,Ship,Complete,100,,,,,,5/6/25 00:00,5/6/25 00:00,54,TEK-015-ASPENGLENSD-2
W-1.40,Exterior Wall,DELIVERED,,Ship,Complete,100,,,,,,5/1/25 00:00,5/1/25 00:00,24,TEK-028-CHAROUHIS
"W-61A,61B,61C",Exterior Wall,DELIVERED,,Ship,Complete,100,,,,,,5/7/25 00:00,5/7/25 00:00,234,TEK-015-ASPENGLENSD-2
W-1.20,Exterior Wall,DELIVERED,,Ship,Complete,100,,,,,,4/25/25 00:00,4/25/25 00:00,63,TEK-028-CHAROUHIS
W- 1.3,Exterior Wall,DELIVERED,,Ship,Complete,100,,,,,,4/25/25 00:00,4/25/25 00:00,165,TEK-028-CHAROUHIS
W-71,Interior Wall ,DELIVERED,,Ship,Complete,100,,,,,,2/12/25 00:00,2/12/25 00:00,56,TEK-018-ASPENGLENSD-5
W-11,Exterior Wall,DELIVERED,,Ship,Complete,100,,,,,,2/12/25 00:00,2/12/25 00:00,90,TEK-018-ASPENGLENSD-5
W-35,Interior Wall ,DELIVERED,,Ship,Complete,100,,,,,,9/12/24 00:00,9/12/24 00:00,50,TEK-004-BURGHER325HLND
W-69,Interior Wall ,DELIVERED,,Ship,Complete,100,,,,,,11/4/24 00:00,11/4/24 00:00,29,TEK-019-ASPENGLENSD-6
W-33i,Interior Wall ,DELIVERED,,Ship,Complete,100,,,,,,2/12/25 00:00,2/12/25 00:00,40,TEK-018-ASPENGLENSD-5
W-69,Interior Wall ,DELIVERED,,Ship,Complete,100,,,,,,2/12/25 00:00,2/12/25 00:00,90,TEK-018-ASPENGLENSD-5
W-1,Exterior Wall,DELIVERED,,Ship,Complete,100,,,,,,11/5/24 00:00,11/5/24 00:00,162,TEK-019-ASPENGLENSD-6
W-1.96,Interior Wall ,DELIVERED,,Ship,Complete,100,,,,,,5/14/25 00:00,5/14/25 00:00,57,TEK-028-CHAROUHIS
W-6,Exterior Wall,DELIVERED,,Ship,Complete,100,,,,,,2/12/25 00:00,2/12/25 00:00,30,TEK-018-ASPENGLENSD-5
W-72,Interior Wall ,DELIVERED,,Ship,Complete,100,,,,,,11/4/24 00:00,11/4/24 00:00,14,TEK-019-ASPENGLENSD-6
W-7,Interior Wall ,DELIVERED,,Ship,Complete,100,,,,,,11/4/24 00:00,11/4/24 00:00,43,TEK-019-ASPENGLENSD-6
W-33l,Interior Wall ,DELIVERED,,Ship,Complete,100,,,,,,2/12/25 00:00,2/12/25 00:00,80,TEK-018-ASPENGLENSD-5
W-3A,Exterior Wall,DELIVERED,,Ship,Complete,100,,,,,,9/4/24 00:00,9/4/24 00:00,238,TEK-004-BURGHER325HLND
F-1,Floor Panel,DELIVERED,,Ship,Complete,100,,,,,,8/8/24 00:00,8/8/24 00:00,87,TEK-004-BURGHER325HLND
W-19,Interior Wall ,DELIVERED,,Ship,Complete,100,,,,,,5/6/25 00:00,5/6/25 00:00,18,TEK-015-ASPENGLENSD-2
W-65,Interior Wall ,DELIVERED,,Ship,Complete,100,,,,,,11/4/24 00:00,11/4/24 00:00,252,TEK-019-ASPENGLENSD-6
W-2.27,Interior Wall ,PENDING,,Cut,Pending,0,,,,,,,,19,TEK-028-CHAROUHIS
W-83,Interior Wall ,DELIVERED,,Ship,Complete,100,,,,,,11/4/24 00:00,11/4/24 00:00,85,TEK-019-ASPENGLENSD-6
W-60,Interior Wall ,DELIVERED,,Ship,Complete,100,,,,,,8/28/24 00:00,8/28/24 00:00,48,TEK-004-BURGHER325HLND
F-10,Floor Panel,DELIVERED,,Ship,Complete,100,,,,,,10/28/24 00:00,10/28/24 00:00,295,TEK-019-ASPENGLENSD-6
W-80,Interior Wall ,DELIVERED,,Ship,Complete,100,,,,,,11/4/24 00:00,11/4/24 00:00,150,TEK-019-ASPENGLENSD-6
W-1.37,Interior Wall ,DELIVERED,,Ship,Complete,100,,,,,,5/1/25 00:00,5/1/25 00:00,73,TEK-028-CHAROUHIS
W-49,Exterior Wall,DELIVERED,,Ship,Complete,100,,,,,,2/12/25 00:00,2/12/25 00:00,75,TEK-018-ASPENGLENSD-5
W-1.26,Exterior Wall,DELIVERED,,Ship,Complete,100,,,,,,4/25/25 00:00,4/25/25 00:00,82,TEK-028-CHAROUHIS
W-1.81,Interior Wall ,DELIVERED,,Ship,Complete,100,,,,,,5/14/25 00:00,5/14/25 00:00,120,TEK-028-CHAROUHIS
W-42,Interior Wall ,DELIVERED,,Ship,Complete,100,,,,,,5/6/25 00:00,5/6/25 00:00,8,TEK-015-ASPENGLENSD-2
W-1.107,Interior Wall ,DELIVERED,,Ship,Complete,100,,,,,,5/14/25 00:00,5/14/25 00:00,23,TEK-028-CHAROUHIS
W-29,Interior Wall ,DELIVERED,,Ship,Complete,100,,,,,,2/12/25 00:00,2/12/25 00:00,30,TEK-018-ASPENGLENSD-5
W-1.11,Exterior Wall,DELIVERED,,Ship,Complete,100,,,,,,4/25/25 00:00,4/25/25 00:00,19,TEK-028-CHAROUHIS
W-0.16,Interior Wall ,DELIVERED,,Ship,Complete,100,,,,,,3/19/25 00:00,3/19/25 00:00,30,TEK-028-CHAROUHIS
W-1.113,Interior Wall ,DELIVERED,,Ship,Complete,100,,,,,,5/14/25 00:00,5/14/25 00:00,111,TEK-028-CHAROUHIS
W-39,Exterior Wall,DELIVERED,,Ship,Complete,100,,,,,,11/4/24 00:00,11/4/24 00:00,200,TEK-019-ASPENGLENSD-6
W-66A,Exterior Wall,DELIVERED,,Ship,Complete,100,,,,,,9/4/24 00:00,9/4/24 00:00,46,TEK-004-BURGHER325HLND
W-72B,Interior Wall ,DELIVERED,,Ship,Complete,100,,,,,,5/7/25 00:00,5/7/25 00:00,130,TEK-015-ASPENGLENSD-2
W-41,Exterior Wall,DELIVERED,,Ship,Complete,100,,,,,,11/4/24 00:00,11/4/24 00:00,60,TEK-019-ASPENGLENSD-6
W-1.23,Exterior Wall,DELIVERED,,Ship,Complete,100,,,,,,4/25/25 00:00,4/25/25 00:00,114,TEK-028-CHAROUHIS
W-32,Interior Wall ,DELIVERED,,Ship,Complete,100,,,,,,9/12/24 00:00,9/12/24 00:00,55,TEK-004-BURGHER325HLND
W-0.58,Interior Wall ,DELIVERED,,Ship,Complete,100,,,,,,3/19/25 00:00,3/19/25 00:00,35,TEK-028-CHAROUHIS
F-6,Floor Panel,DELIVERED,,Ship,Complete,100,,,,,,2/5/25 00:00,2/5/25 00:00,100,TEK-018-ASPENGLENSD-5
W-5,Exterior Wall,DELIVERED,,Ship,Complete,100,,,,,,2/12/25 00:00,2/12/25 00:00,50,TEK-018-ASPENGLENSD-5
W-40,Interior Wall ,DELIVERED,,Ship,Complete,100,,,,,,2/12/25 00:00,2/12/25 00:00,30,TEK-018-ASPENGLENSD-5
F-21A,Floor Panel,DELIVERED,,Ship,Complete,100,,,,,,3/28/25 00:00,3/28/25 00:00,136,TEK-028-CHAROUHIS
W-27,Exterior Wall,DELIVERED,,Ship,Complete,100,,,,,,2/12/25 00:00,2/12/25 00:00,20,TEK-018-ASPENGLENSD-5
W-30,Exterior Wall,DELIVERED,,Ship,Complete,100,,,,,,11/5/24 00:00,11/5/24 00:00,72,TEK-019-ASPENGLENSD-6
W-2.12,Interior Wall ,PENDING,,Cut,Pending,0,,,,,,,,20,TEK-028-CHAROUHIS
W-33e,Interior Wall ,DELIVERED,,Ship,Complete,100,,,,,,2/12/25 00:00,2/12/25 00:00,18,TEK-018-ASPENGLENSD-5
W-18,Interior Wall ,DELIVERED,,Ship,Complete,100,,,,,,5/6/25 00:00,5/6/25 00:00,18,TEK-015-ASPENGLENSD-2
F-9,Floor Panel,DELIVERED,,Ship,Complete,100,,,,,,2/5/25 00:00,2/5/25 00:00,363,TEK-018-ASPENGLENSD-5
F-5,Floor Panel,DELIVERED,,Ship,Complete,100,,,,,,5/5/25 00:00,5/5/25 00:00,260,TEK-015-ASPENGLENSD-2
W-1.111,Interior Wall ,DELIVERED,,Ship,Complete,100,,,,,,5/14/25 00:00,5/14/25 00:00,93,TEK-028-CHAROUHIS
W-59,Interior Wall ,DELIVERED,,Ship,Complete,100,,,,,,8/28/24 00:00,8/28/24 00:00,138,TEK-004-BURGHER325HLND
F-15,Floor Panel,DELIVERED,,Ship,Complete,100,,,,,,2/5/25 00:00,2/5/25 00:00,141,TEK-018-ASPENGLENSD-5
W-21,Exterior Wall,DELIVERED,,Ship,Complete,100,,,,,,11/5/24 00:00,11/5/24 00:00,105,TEK-019-ASPENGLENSD-6
F-22,Floor Panel,DELIVERED,,Ship,Complete,100,,,,,,3/28/25 00:00,3/28/25 00:00,102,TEK-028-CHAROUHIS
W-33n,Interior Wall ,DELIVERED,,Ship,Complete,100,,,,,,2/12/25 00:00,2/12/25 00:00,40,TEK-018-ASPENGLENSD-5
W.1.17,Interior Wall ,DELIVERED,,Ship,Complete,100,,,,,,4/25/25 00:00,4/25/25 00:00,123,TEK-028-CHAROUHIS
W-1.67,Interior Wall ,DELIVERED,,Ship,Complete,100,,,,,,5/14/25 00:00,5/14/25 00:00,208,TEK-028-CHAROUHIS
W-1.41,Exterior Wall,DELIVERED,,Ship,Complete,100,,,,,,5/1/25 00:00,5/1/25 00:00,46,TEK-028-CHAROUHIS
F-20,Floor Panel,DELIVERED,,Ship,Complete,100,,,,,,3/28/25 00:00,3/28/25 00:00,192,TEK-028-CHAROUHIS
W-65,Interior Wall ,DELIVERED,,Ship,Complete,100,,,,,,5/7/25 00:00,5/7/25 00:00,120,TEK-015-ASPENGLENSD-2
W-56,Exterior Wall,DELIVERED,,Ship,Complete,100,,,,,,2/12/25 00:00,2/12/25 00:00,170,TEK-018-ASPENGLENSD-5
W-31,Interior Wall ,DELIVERED,,Ship,Complete,100,,,,,,2/12/25 00:00,2/12/25 00:00,25,TEK-018-ASPENGLENSD-5
W-33h,Interior Wall ,DELIVERED,,Ship,Complete,100,,,,,,2/12/25 00:00,2/12/25 00:00,105,TEK-018-ASPENGLENSD-5
F-6A,Floor Panel,DELIVERED,,Ship,Complete,100,,,,,,8/8/24 00:00,8/8/24 00:00,158,TEK-004-BURGHER325HLND
W-38,Exterior Wall,DELIVERED,,Ship,Complete,100,,,,,,11/4/24 00:00,11/4/24 00:00,48,TEK-019-ASPENGLENSD-6
W-59,Exterior Wall,DELIVERED,,Ship,Complete,100,,,,,,5/7/25 00:00,5/7/25 00:00,202,TEK-015-ASPENGLENSD-2
W-75,Interior Wall ,DELIVERED,,Ship,Complete,100,,,,,,5/7/25 00:00,5/7/25 00:00,50,TEK-015-ASPENGLENSD-2
W-1.59,Interior Wall ,DELIVERED,,Ship,Complete,100,,,,,,5/1/25 00:00,5/1/25 00:00,17,TEK-028-CHAROUHIS
W-87,Interior Wall ,DELIVERED,,Ship,Complete,100,,,,,,9/4/24 00:00,9/4/24 00:00,64,TEK-004-BURGHER325HLND
W-74,Interior Wall ,DELIVERED,,Ship,Complete,100,,,,,,5/7/25 00:00,5/7/25 00:00,54,TEK-015-ASPENGLENSD-2
W-3,Exterior Wall,DELIVERED,,Ship,Complete,100,,,,,,9/4/24 00:00,9/4/24 00:00,225,TEK-004-BURGHER325HLND
W-67,Exterior Wall,DELIVERED,,Ship,Complete,100,,,,,,9/4/24 00:00,9/4/24 00:00,312,TEK-004-BURGHER325HLND
W-45,Exterior Wall,DELIVERED,,Ship,Complete,100,,,,,,11/4/24 00:00,11/4/24 00:00,63,TEK-019-ASPENGLENSD-6
W-34,Exterior Wall,DELIVERED,,Ship,Complete,100,,,,,,5/6/25 00:00,5/6/25 00:00,135,TEK-015-ASPENGLENSD-2
W-83,Interior Wall ,DELIVERED,,Ship,Complete,100,,,,,,9/4/24 00:00,9/4/24 00:00,32,TEK-004-BURGHER325HLND
F-2,Floor Panel,DELIVERED,,Ship,Complete,100,,,,,,3/28/25 00:00,3/28/25 00:00,123,TEK-028-CHAROUHIS
W-2.15,Interior Wall ,PENDING,,Cut,Pending,0,,,,,,,,21,TEK-028-CHAROUHIS
W-19,Interior Wall ,DELIVERED,,Ship,Complete,100,,,,,,11/5/24 00:00,11/5/24 00:00,65,TEK-019-ASPENGLENSD-6
W-37,Interior Wall ,DELIVERED,,Ship,Complete,100,,,,,,5/6/25 00:00,5/6/25 00:00,9,TEK-015-ASPENGLENSD-2
F-5A,Floor Panel,DELIVERED,,Ship,Complete,100,,,,,,10/31/24 00:00,10/31/24 00:00,35,TEK-019-ASPENGLENSD-6
W-1.87,Interior Wall ,DELIVERED,,Ship,Complete,100,,,,,,5/14/25 00:00,5/14/25 00:00,236,TEK-028-CHAROUHIS
F-14,Floor Panel,DELIVERED,,Ship,Complete,100,,,,,,8/8/24 00:00,8/8/24 00:00,108,TEK-004-BURGHER325HLND
W-19,Exterior Wall,DELIVERED,,Ship,Complete,100,,,,,,9/12/24 00:00,9/12/24 00:00,180,TEK-004-BURGHER325HLND
W-1.104,Interior Wall ,DELIVERED,,Ship,Complete,100,,,,,,5/14/25 00:00,5/14/25 00:00,22,TEK-028-CHAROUHIS
W-1.35,Interior Wall ,DELIVERED,,Ship,Complete,100,,,,,,5/1/25 00:00,5/1/25 00:00,292,TEK-028-CHAROUHIS
F- 6B,Floor Panel,DELIVERED,,Ship,Complete,100,,,,,,8/8/24 00:00,8/8/24 00:00,91,TEK-004-BURGHER325HLND
W-1.102,Interior Wall ,DELIVERED,,Ship,Complete,100,,,,,,5/14/25 00:00,5/14/25 00:00,155,TEK-028-CHAROUHIS
W-0.38,Interior Wall ,DELIVERED,,Ship,Complete,100,,,,,,3/19/25 00:00,3/19/25 00:00,20,TEK-028-CHAROUHIS
W-43,Interior Wall ,DELIVERED,,Ship,Complete,100,,,,,,2/12/25 00:00,2/12/25 00:00,200,TEK-018-ASPENGLENSD-5
SB / LB,Beam,DELIVERED,,Ship,Complete,100,,,,,,5/5/25 00:00,5/5/25 00:00,0,TEK-015-ASPENGLENSD-2
W-1.54,Interior Wall ,DELIVERED,,Ship,Complete,100,,,,,,5/1/25 00:00,5/1/25 00:00,212,TEK-028-CHAROUHIS
 W-0:39,Interior Wall ,DELIVERED,,Ship,Complete,100,,,,,,3/19/25 00:00,3/19/25 00:00,44,TEK-028-CHAROUHIS
W-16,Interior Wall ,DELIVERED,,Ship,Complete,100,,,,,,9/12/24 00:00,9/12/24 00:00,326,TEK-004-BURGHER325HLND
W-11,Exterior Wall,DELIVERED,,Ship,Complete,100,,,,,,9/12/24 00:00,9/12/24 00:00,143,TEK-004-BURGHER325HLND
W-74,Interior Wall ,DELIVERED,,Ship,Complete,100,,,,,,2/12/25 00:00,2/12/25 00:00,150,TEK-018-ASPENGLENSD-5
W-36,Exterior Wall,DELIVERED,,Ship,Complete,100,,,,,,11/4/24 00:00,11/4/24 00:00,48,TEK-019-ASPENGLENSD-6
W-33d,Interior Wall ,DELIVERED,,Ship,Complete,100,,,,,,2/12/25 00:00,2/12/25 00:00,10,TEK-018-ASPENGLENSD-5
W-0.42,Interior Wall ,DELIVERED,,Ship,Complete,100,,,,,,3/19/25 00:00,3/19/25 00:00,16,TEK-028-CHAROUHIS
W-10,Interior Wall ,DELIVERED,,Ship,Complete,100,,,,,,11/5/24 00:00,11/5/24 00:00,85,TEK-019-ASPENGLENSD-6
W-40,Exterior Wall,DELIVERED,,Ship,Complete,100,,,,,,8/28/24 00:00,8/28/24 00:00,130,TEK-004-BURGHER325HLND
W-22,Interior Wall ,DELIVERED,,Ship,Complete,100,,,,,,11/5/24 00:00,11/5/24 00:00,75,TEK-019-ASPENGLENSD-6
W-.30-.30a-.30b,Interior Wall ,DELIVERED,,Ship,Complete,100,,,,,,3/19/25 00:00,3/19/25 00:00,182,TEK-028-CHAROUHIS
F-10,Floor Panel,DELIVERED,,Ship,Complete,100,,,,,,5/5/25 00:00,5/5/25 00:00,216,TEK-015-ASPENGLENSD-2
W-46,Interior Wall ,DELIVERED,,Ship,Complete,100,,,,,,2/12/25 00:00,2/12/25 00:00,20,TEK-018-ASPENGLENSD-5
W-13,Exterior Wall,DELIVERED,,Ship,Complete,100,,,,,,9/12/24 00:00,9/12/24 00:00,280,TEK-004-BURGHER325HLND
W-82,Interior Wall ,DELIVERED,,Ship,Complete,100,,,,,,9/4/24 00:00,9/4/24 00:00,47,TEK-004-BURGHER325HLND
W-0.8,Interior Wall ,DELIVERED,,Ship,Complete,100,,,,,,3/19/25 00:00,3/19/25 00:00,9,TEK-028-CHAROUHIS
W-2,Exterior Wall,DELIVERED,,Ship,Complete,100,,,,,,5/6/25 00:00,5/6/25 00:00,81,TEK-015-ASPENGLENSD-2
W-2.3,Interior Wall ,PENDING,,Cut,Pending,0,,,,,,,,48,TEK-028-CHAROUHIS
W-26,Interior Wall ,DELIVERED,,Ship,Complete,100,,,,,,2/12/25 00:00,2/12/25 00:00,15,TEK-018-ASPENGLENSD-5
F-7,Floor Panel,DELIVERED,,Ship,Complete,100,,,,,,2/5/25 00:00,2/5/25 00:00,374,TEK-018-ASPENGLENSD-5
W-1.2,Exterior Wall,DELIVERED,,Ship,Complete,100,,,,,,4/25/25 00:00,4/25/25 00:00,80,TEK-028-CHAROUHIS
W-1.67A,Interior Wall ,DELIVERED,,Ship,Complete,100,,,,,,5/14/25 00:00,5/14/25 00:00,46,TEK-028-CHAROUHIS
W-0.15,Interior Wall ,DELIVERED,,Ship,Complete,100,,,,,,3/19/25 00:00,3/19/25 00:00,23,TEK-028-CHAROUHIS
W-2,Exterior Wall,DELIVERED,,Ship,Complete,100,,,,,,11/5/24 00:00,11/5/24 00:00,90,TEK-019-ASPENGLENSD-6
W-1.57,Exterior Wall,DELIVERED,,Ship,Complete,100,,,,,,5/1/25 00:00,5/1/25 00:00,30,TEK-028-CHAROUHIS
W-25,Exterior Wall,DELIVERED,,Ship,Complete,100,,,,,,11/5/24 00:00,11/5/24 00:00,45,TEK-019-ASPENGLENSD-6
W-1.70,Interior Wall ,DELIVERED,,Ship,Complete,100,,,,,,5/14/25 00:00,5/14/25 00:00,120,TEK-028-CHAROUHIS
W-26A,Interior Wall ,DELIVERED,,Ship,Complete,100,,,,,,11/5/24 00:00,11/5/24 00:00,15,TEK-019-ASPENGLENSD-6
F-12,Floor Panel,DELIVERED,,Ship,Complete,100,,,,,,2/5/25 00:00,2/5/25 00:00,157,TEK-018-ASPENGLENSD-5
W-2.20,Interior Wall ,PENDING,,Cut,Pending,0,,,,,,,,166,TEK-028-CHAROUHIS
W-86,Interior Wall ,DELIVERED,,Ship,Complete,100,,,,,,11/4/24 00:00,11/4/24 00:00,60,TEK-019-ASPENGLENSD-6
F-20,Floor Panel,DELIVERED,,Ship,Complete,100,,,,,,8/8/24 00:00,8/8/24 00:00,35,TEK-004-BURGHER325HLND
W-15,Interior Wall ,DELIVERED,,Ship,Complete,100,,,,,,11/5/24 00:00,11/5/24 00:00,14,TEK-019-ASPENGLENSD-6
F-11,Floor Panel,DELIVERED,,Ship,Complete,100,,,,,,10/28/24 00:00,10/28/24 00:00,223,TEK-019-ASPENGLENSD-6
W-36,Interior Wall ,DELIVERED,,Ship,Complete,100,,,,,,9/12/24 00:00,9/12/24 00:00,55,TEK-004-BURGHER325HLND
W-23,Interior Wall ,DELIVERED,,Ship,Complete,100,,,,,,5/6/25 00:00,5/6/25 00:00,18,TEK-015-ASPENGLENSD-2
W-12,Interior Wall ,DELIVERED,,Ship,Complete,100,,,,,,5/6/25 00:00,5/6/25 00:00,20,TEK-015-ASPENGLENSD-2
W-77,Interior Wall ,DELIVERED,,Ship,Complete,100,,,,,,11/4/24 00:00,11/4/24 00:00,45,TEK-019-ASPENGLENSD-6
W-61,Exterior Wall,DELIVERED,,Ship,Complete,100,,,,,,5/7/25 00:00,5/7/25 00:00,19,TEK-015-ASPENGLENSD-2
W-0.54,Interior Wall ,DELIVERED,,Ship,Complete,100,,,,,,3/19/25 00:00,3/19/25 00:00,45,TEK-028-CHAROUHIS
F-14,Floor Panel,DELIVERED,,Ship,Complete,100,,,,,,3/28/25 00:00,3/28/25 00:00,288,TEK-028-CHAROUHIS
W-1.5,Exterior Wall,DELIVERED,,Ship,Complete,100,,,,,,4/25/25 00:00,4/25/25 00:00,85,TEK-028-CHAROUHIS
F-30,Floor Panel,DELIVERED,,Ship,Complete,100,,,,,,5/29/25 00:00,5/29/25 00:00,85,TEK-028-CHAROUHIS
W-81,Interior Wall ,DELIVERED,,Ship,Complete,100,,,,,,11/4/24 00:00,11/4/24 00:00,200,TEK-019-ASPENGLENSD-6
W-1.39,Interior Wall ,DELIVERED,,Ship,Complete,100,,,,,,5/1/25 00:00,5/1/25 00:00,43,TEK-028-CHAROUHIS
W-1.99,Interior Wall ,DELIVERED,,Ship,Complete,100,,,,,,5/14/25 00:00,5/14/25 00:00,30,TEK-028-CHAROUHIS
W-1.91,Interior Wall ,DELIVERED,,Ship,Complete,100,,,,,,5/14/25 00:00,5/14/25 00:00,49,TEK-028-CHAROUHIS
W-68,Interior Wall ,DELIVERED,,Ship,Complete,100,,,,,,2/12/25 00:00,2/12/25 00:00,110,TEK-018-ASPENGLENSD-5
W-1.74,Interior Wall ,DELIVERED,,Ship,Complete,100,,,,,,5/14/25 00:00,5/14/25 00:00,105,TEK-028-CHAROUHIS
W-1C,Exterior Wall,DELIVERED,,Ship,Complete,100,,,,,,9/4/24 00:00,9/4/24 00:00,98,TEK-004-BURGHER325HLND
W-1.119,Interior Wall ,DELIVERED,,Ship,Complete,100,,,,,,5/14/25 00:00,5/14/25 00:00,54,TEK-028-CHAROUHIS
W-1.30,Interior Wall ,DELIVERED,,Ship,Complete,100,,,,,,5/1/25 00:00,5/1/25 00:00,36,TEK-028-CHAROUHIS
W-88,Interior Wall ,DELIVERED,,Ship,Complete,100,,,,,,11/4/24 00:00,11/4/24 00:00,150,TEK-019-ASPENGLENSD-6
W-2.9,Exterior Wall,PENDING,,Cut,Pending,0,,,,,,,,206,TEK-028-CHAROUHIS
F-6,Floor Panel,DELIVERED,,Ship,Complete,100,,,,,,3/28/25 00:00,3/28/25 00:00,117,TEK-028-CHAROUHIS
W-13,Interior Wall ,DELIVERED,,Ship,Complete,100,,,,,,2/12/25 00:00,2/12/25 00:00,35,TEK-018-ASPENGLENSD-5
W-17,Exterior Wall,DELIVERED,,Ship,Complete,100,,,,,,9/12/24 00:00,9/12/24 00:00,200,TEK-004-BURGHER325HLND
F-4,Floor Panel,DELIVERED,,Ship,Complete,100,,,,,,5/5/25 00:00,5/5/25 00:00,324,TEK-015-ASPENGLENSD-2
W-22,Interior Wall ,DELIVERED,,Ship,Complete,100,,,,,,9/12/24 00:00,9/12/24 00:00,63,TEK-004-BURGHER325HLND
W-1A,Exterior Wall,DELIVERED,,Ship,Complete,100,,,,,,9/4/24 00:00,9/4/24 00:00,228,TEK-004-BURGHER325HLND
W-33,Interior Wall ,DELIVERED,,Ship,Complete,100,,,,,,5/6/25 00:00,5/6/25 00:00,27,TEK-015-ASPENGLENSD-2
W-77,Interior Wall ,DELIVERED,,Ship,Complete,100,,,,,,9/4/24 00:00,9/4/24 00:00,8,TEK-004-BURGHER325HLND
W-50B,Exterior Wall,DELIVERED,,Ship,Complete,100,,,,,,5/7/25 00:00,5/7/25 00:00,75,TEK-015-ASPENGLENSD-2
W-32,Exterior Wall,DELIVERED,,Ship,Complete,100,,,,,,11/4/24 00:00,11/4/24 00:00,38,TEK-019-ASPENGLENSD-6
W-64,Interior Wall ,DELIVERED,,Ship,Complete,100,,,,,,2/12/25 00:00,2/12/25 00:00,180,TEK-018-ASPENGLENSD-5
W-88,Interior Wall ,DELIVERED,,Ship,Complete,100,,,,,,9/4/24 00:00,9/4/24 00:00,32,TEK-004-BURGHER325HLND
W-0.22-0.22a,Interior Wall ,DELIVERED,,Ship,Complete,100,,,,,,3/19/25 00:00,3/19/25 00:00,107,TEK-028-CHAROUHIS
F-8,Floor Panel,DELIVERED,,Ship,Complete,100,,,,,,10/28/24 00:00,10/28/24 00:00,228,TEK-019-ASPENGLENSD-6
W-48,Exterior Wall,DELIVERED,,Ship,Complete,100,,,,,,8/28/24 00:00,8/28/24 00:00,234,TEK-004-BURGHER325HLND
W-1.48,Interior Wall ,DELIVERED,,Ship,Complete,100,,,,,,5/1/25 00:00,5/1/25 00:00,22,TEK-028-CHAROUHIS
W-62,Interior Wall ,DELIVERED,,Ship,Complete,100,,,,,,8/28/24 00:00,8/28/24 00:00,124,TEK-004-BURGHER325HLND
F-2A,Floor Panel,DELIVERED,,Ship,Complete,100,,,,,,5/5/25 00:00,5/5/25 00:00,168,TEK-015-ASPENGLENSD-2
F-3,Floor Panel,DELIVERED,,Ship,Complete,100,,,,,,5/5/25 00:00,5/5/25 00:00,144,TEK-015-ASPENGLENSD-2
F-8,Floor Panel,DELIVERED,,Ship,Complete,100,,,,,,8/8/24 00:00,8/8/24 00:00,488,TEK-004-BURGHER325HLND
W-69A,Exterior Wall,DELIVERED,,Ship,Complete,100,,,,,,9/4/24 00:00,9/4/24 00:00,40,TEK-004-BURGHER325HLND
W-0.10,Interior Wall ,DELIVERED,,Ship,Complete,100,,,,,,3/19/25 00:00,3/19/25 00:00,242,TEK-028-CHAROUHIS
W-1.53,Interior Wall ,DELIVERED,,Ship,Complete,100,,,,,,5/1/25 00:00,5/1/25 00:00,33,TEK-028-CHAROUHIS
W-1.44B,Exterior Wall,DELIVERED,,Ship,Complete,100,,,,,,5/1/25 00:00,5/1/25 00:00,66,TEK-028-CHAROUHIS
F-10,Floor Panel,DELIVERED,,Ship,Complete,100,,,,,,8/8/24 00:00,8/8/24 00:00,360,TEK-004-BURGHER325HLND
W-62,Exterior Wall,DELIVERED,,Ship,Complete,100,,,,,,11/4/24 00:00,11/4/24 00:00,234,TEK-019-ASPENGLENSD-6
W-61,Interior Wall ,DELIVERED,,Ship,Complete,100,,,,,,8/28/24 00:00,8/28/24 00:00,90,TEK-004-BURGHER325HLND
W-12,Exterior Wall,DELIVERED,,Ship,Complete,100,,,,,,11/5/24 00:00,11/5/24 00:00,179,TEK-019-ASPENGLENSD-6
W-65a,Interior Wall ,DELIVERED,,Ship,Complete,100,,,,,,2/12/25 00:00,2/12/25 00:00,45,TEK-018-ASPENGLENSD-5
F-5,Floor Panel,DELIVERED,,Ship,Complete,100,,,,,,10/28/24 00:00,10/28/24 00:00,152,TEK-019-ASPENGLENSD-6
W-47,Exterior Wall,DELIVERED,,Ship,Complete,100,,,,,,8/28/24 00:00,8/28/24 00:00,117,TEK-004-BURGHER325HLND